<?xml version="1.0" encoding="UTF-8"?><rss xmlns:atom="http://www.w3.org/2005/Atom" version="2.0"><channel><title>India News | Latest News Headlines &amp; Live Updates from India - Times of India</title><link>https://timesofindia.indiatimes.com/india</link><description>India News: Times of India brings the top news headlines from India on Politics, Current Affairs, Sports, Entertainment, Technology and Indian Business News.</description><language>en-gb</language><lastBuildDate>Fri, 18 Feb 2022 18:37:12 IST</lastBuildDate><atom:link type="application/rss+xml" rel="self" href="https://timesofindia.indiatimes.com/rssfeeds/-2128936835.cms"/><copyright>Copyright:(C) 2022 Bennett Coleman &amp; Co. Ltd, http://in.indiatimes.com/policyterms/1554651.cms</copyright><docs>http://syndication.indiatimes.com/</docs><image><title>India News | Latest News Headlines &amp; Live Updates from India - Times of India</title><url>https://timesofindia.indiatimes.com/photo/507610.cms</url><link>https://timesofindia.indiatimes.com/india</link></image><item><title>Air India to operate 3 flights to help Indians fly out amid Ukraine crisis</title><description>&lt;a href="https://timesofindia.indiatimes.com/india/air-india-to-operate-3-flights-to-help-indians-fly-out-amid-ukraine-crisis/articleshow/89667205.cms"&gt;&lt;img border="0" hspace="10" align="left" style="margin-top:3px;margin-right:5px;" src="https://timesofindia.indiatimes.com/photo/89667205.cms" /&gt;&lt;/a&gt;Air India will operate three flights between India-Ukraine next week on February 22, 24 and 26. The flights will take off from Boryspil International Airport and bookings are open through Air India booking offices, website, call centre and authorised travel agents. Earlier, Indian Embassy in Ukraine asked its citizens, particularly students whose stay is not essential, to leave Kyiv temporarily.</description><link>https://timesofindia.indiatimes.com/india/air-india-to-operate-3-flights-to-help-indians-fly-out-amid-ukraine-crisis/articleshow/89667205.cms</link><guid>https://timesofindia.indiatimes.com/india/air-india-to-operate-3-flights-to-help-indians-fly-out-amid-ukraine-crisis/articleshow/89667205.cms</guid><pubDate>Fri, 18 Feb 2022 18:19:50 IST</pubDate></item><item><title>India's big Ukraine problem: To go with US or Russia?</title><description>&lt;a href="https://timesofindia.indiatimes.com/india/indias-big-ukraine-problem-to-go-with-us-or-russia/articleshow/89666744.cms"&gt;&lt;img border="0" hspace="10" align="left" style="margin-top:3px;margin-right:5px;" src="https://timesofindia.indiatimes.com/photo/89666744.cms" /&gt;&lt;/a&gt;</description><link>https://timesofindia.indiatimes.com/india/indias-big-ukraine-problem-to-go-with-us-or-russia/articleshow/89666744.cms</link><guid>https://timesofindia.indiatimes.com/india/indias-big-ukraine-problem-to-go-with-us-or-russia/articleshow/89666744.cms</guid><pubDate>Fri, 18 Feb 2022 18:13:54 IST</pubDate></item><item><title>Russia welcomes India's position on Ukraine situation</title><description>&lt;a href="https://timesofindia.indiatimes.com/india/russia-welcomes-indias-position-on-ukraine-situation/articleshow/89662576.cms"&gt;&lt;img border="0" hspace="10" align="left" style="margin-top:3px;margin-right:5px;" src="https://timesofindia.indiatimes.com/photo/89662576.cms" /&gt;&lt;/a&gt;</description><link>https://timesofindia.indiatimes.com/india/russia-welcomes-indias-position-on-ukraine-situation/articleshow/89662576.cms</link><guid>https://timesofindia.indiatimes.com/india/russia-welcomes-indias-position-on-ukraine-situation/articleshow/89662576.cms</guid><pubDate>Fri, 18 Feb 2022 15:09:59 IST</pubDate></item><item><title>Priyanka expresses support for Lalu Prasad, says one who refuses to bow before BJP is harassed</title><description>&lt;a href="https://timesofindia.indiatimes.com/india/priyanka-expresses-support-for-lalu-prasad-says-one-who-refuses-to-bow-before-bjp-is-harassed/articleshow/89664660.cms"&gt;&lt;img border="0" hspace="10" align="left" style="margin-top:3px;margin-right:5px;" src="https://timesofindia.indiatimes.com/photo/89664660.cms" /&gt;&lt;/a&gt;</description><link>https://timesofindia.indiatimes.com/india/priyanka-expresses-support-for-lalu-prasad-says-one-who-refuses-to-bow-before-bjp-is-harassed/articleshow/89664660.cms</link><guid>https://timesofindia.indiatimes.com/india/priyanka-expresses-support-for-lalu-prasad-says-one-who-refuses-to-bow-before-bjp-is-harassed/articleshow/89664660.cms</guid><pubDate>Fri, 18 Feb 2022 16:43:01 IST</pubDate></item><item><title>Grenade attack in Srinagar, policeman injured</title><description/><link>https://timesofindia.indiatimes.com/india/grenade-attack-in-srinagar-policeman-injured/articleshow/89661003.cms</link><guid>https://timesofindia.indiatimes.com/india/grenade-attack-in-srinagar-policeman-injured/articleshow/89661003.cms</guid><pubDate>Fri, 18 Feb 2022 14:01:53 IST</pubDate></item><item><title>Withdrawn 274 recovery notices against anti-CAA protestors: UP govt; SC directs refund</title><description>&lt;a href="https://timesofindia.indiatimes.com/india/up-govt-withdraws-recovery-notices-issued-to-anti-caa-protesters/articleshow/89659185.cms"&gt;&lt;img border="0" hspace="10" align="left" style="margin-top:3px;margin-right:5px;" src="https://timesofindia.indiatimes.com/photo/89659185.cms" /&gt;&lt;/a&gt;The Uttar Pradesh government on Friday told Supreme Court that the state has withdrawn recovery notices issued in 2019 and all proceedings initiated against anti-CAA protestors. The apex court was hearing a plea seeking quashing of the recovery notices issued by the UP administration to recover the damage caused to public properties in connection with protests against CAA.</description><link>https://timesofindia.indiatimes.com/india/up-govt-withdraws-recovery-notices-issued-to-anti-caa-protesters/articleshow/89659185.cms</link><guid>https://timesofindia.indiatimes.com/india/up-govt-withdraws-recovery-notices-issued-to-anti-caa-protesters/articleshow/89659185.cms</guid><pubDate>Fri, 18 Feb 2022 12:40:01 IST</pubDate></item><item><title>PM Modi hosts prominent Sikhs from across country at his residence</title><description>&lt;a href="https://timesofindia.indiatimes.com/india/pm-modi-hosts-prominent-sikhs-from-across-country-at-his-residence/articleshow/89659088.cms"&gt;&lt;img border="0" hspace="10" align="left" style="margin-top:3px;margin-right:5px;" src="https://timesofindia.indiatimes.com/photo/89659088.cms" /&gt;&lt;/a&gt;</description><link>https://timesofindia.indiatimes.com/india/pm-modi-hosts-prominent-sikhs-from-across-country-at-his-residence/articleshow/89659088.cms</link><guid>https://timesofindia.indiatimes.com/india/pm-modi-hosts-prominent-sikhs-from-across-country-at-his-residence/articleshow/89659088.cms</guid><pubDate>Fri, 18 Feb 2022 12:40:13 IST</pubDate></item><item><title>Manish Tewari compares 'Bhaiya controversy' with 'Black issue' in US</title><description>&lt;a href="https://timesofindia.indiatimes.com/india/manish-tewari-compares-bhaiya-controversy-with-black-issue-in-us/articleshow/89658220.cms"&gt;&lt;img border="0" hspace="10" align="left" style="margin-top:3px;margin-right:5px;" src="https://timesofindia.indiatimes.com/photo/89658220.cms" /&gt;&lt;/a&gt;</description><link>https://timesofindia.indiatimes.com/india/manish-tewari-compares-bhaiya-controversy-with-black-issue-in-us/articleshow/89658220.cms</link><guid>https://timesofindia.indiatimes.com/india/manish-tewari-compares-bhaiya-controversy-with-black-issue-in-us/articleshow/89658220.cms</guid><pubDate>Fri, 18 Feb 2022 12:01:05 IST</pubDate></item><item><title>Must learn to be less thin-skinned: Shashi Tharoor on India lodging protest over Singapore PM's remarks</title><description>&lt;a href="https://timesofindia.indiatimes.com/india/must-learn-to-be-less-thin-skinned-shashi-tharoor-on-india-lodging-protest-over-singapore-pms-remarks/articleshow/89658127.cms"&gt;&lt;img border="0" hspace="10" align="left" style="margin-top:3px;margin-right:5px;" src="https://timesofindia.indiatimes.com/photo/89658127.cms" /&gt;&lt;/a&gt;Senior Congress leader Shashi Tharoor on Friday said it was most unseemly for the Ministry of External Affairs to "summon" the envoy of a friendly country like Singapore over remarks by their prime minister to their own Parliament, and asserted that "we must learn to be less thin-skinned".</description><link>https://timesofindia.indiatimes.com/india/must-learn-to-be-less-thin-skinned-shashi-tharoor-on-india-lodging-protest-over-singapore-pms-remarks/articleshow/89658127.cms</link><guid>https://timesofindia.indiatimes.com/india/must-learn-to-be-less-thin-skinned-shashi-tharoor-on-india-lodging-protest-over-singapore-pms-remarks/articleshow/89658127.cms</guid><pubDate>Fri, 18 Feb 2022 11:57:20 IST</pubDate></item><item><title>2008 Ahmedabad serial blasts: 38 convicts get death sentence; life imprisonment until death for 11</title><description>&lt;a href="https://timesofindia.indiatimes.com/india/2008-ahmedabad-serial-blasts-38-convicts-get-death-sentence-life-imprisonment-until-death-for-11/articleshow/89657892.cms"&gt;&lt;img border="0" hspace="10" align="left" style="margin-top:3px;margin-right:5px;" src="https://timesofindia.indiatimes.com/photo/89657892.cms" /&gt;&lt;/a&gt;A special court in Ahmedabad on Friday pronounced death sentence to 38 out of 49 convicts in 2008 Ahmedabad serial bomb blast case, giving life imprisonment until death to 11 others.</description><link>https://timesofindia.indiatimes.com/india/2008-ahmedabad-serial-blasts-38-convicts-get-death-sentence-life-imprisonment-until-death-for-11/articleshow/89657892.cms</link><guid>https://timesofindia.indiatimes.com/india/2008-ahmedabad-serial-blasts-38-convicts-get-death-sentence-life-imprisonment-until-death-for-11/articleshow/89657892.cms</guid><pubDate>Fri, 18 Feb 2022 11:46:58 IST</pubDate></item><item><title>Punjab assembly election: How BJP, Congress, SAD are united in attacking AAP</title><description>&lt;a href="https://timesofindia.indiatimes.com/india/punjab-assembly-election-how-bjp-congress-sad-are-united-in-attacking-aap/articleshow/89657016.cms"&gt;&lt;img border="0" hspace="10" align="left" style="margin-top:3px;margin-right:5px;" src="https://timesofindia.indiatimes.com/photo/89657016.cms" /&gt;&lt;/a&gt;With Delhi chief minister Arvind Kejriwal-led Aam Aadmi Party (AAP) emerging as the main challenger of the incumbent Congress government in Punjab ahead of the February 20 assembly election, it is facing the brunt of the attack from all the other main opposition parties.</description><link>https://timesofindia.indiatimes.com/india/punjab-assembly-election-how-bjp-congress-sad-are-united-in-attacking-aap/articleshow/89657016.cms</link><guid>https://timesofindia.indiatimes.com/india/punjab-assembly-election-how-bjp-congress-sad-are-united-in-attacking-aap/articleshow/89657016.cms</guid><pubDate>Fri, 18 Feb 2022 11:27:07 IST</pubDate></item></channel></rss>