<?xml version="1.0"?>
<rss version="2.0">
<channel>
<title>Techmeme</title>
<link>http://www.techmeme.com/</link>
<description>Tech Web, page A1</description>
<language>en-us</language>
<pubDate>Fri, 18 Feb 2022 08:16:26 -0500</pubDate>
<lastBuildDate>Fri, 18 Feb 2022 08:16:26 -0500</lastBuildDate>
<item>
  <title>Sources: some US Apple Store employees are working to unionize, with groups at at least two stores preparing to file paperwork with the NLRB in the near future (Reed Albergotti/Washington Post)</title>
  <link>http://www.techmeme.com/220218/p6#a220218p6</link>
  <description><![CDATA[<A HREF="https://www.washingtonpost.com/technology/2022/02/18/apple-retail-stores-union-labor/"><IMG VSPACE="4" HSPACE="4" BORDER="0" ALIGN="RIGHT" SRC="http://www.techmeme.com/220218/i6.jpg"></A>
<P><A HREF="http://www.techmeme.com/220218/p6#a220218p6" TITLE="Techmeme permalink"><IMG WIDTH=11 HEIGHT=12 SRC="http://www.techmeme.com/img/pml.png" STYLE="border:none;padding:0;margin:0;"></A> Reed Albergotti / <A HREF="https://www.washingtonpost.com/">Washington Post</A>:<BR>
<SPAN STYLE="font-size:1.3em;"><B><A HREF="https://www.washingtonpost.com/technology/2022/02/18/apple-retail-stores-union-labor/">Sources: some US Apple Store employees are working to unionize, with groups at at least two stores preparing to file paperwork with the NLRB in the near future</A></B></SPAN>&nbsp; &mdash;&nbsp; Employees at several Apple Stores across the country are quietly working to unionize, according to people familiar with the efforts &hellip; </P>
]]></description>
  <pubDate>Fri, 18 Feb 2022 08:15:17 -0500</pubDate>
  <guid>http://www.techmeme.com/220218/p6#a220218p6</guid>
</item>
<item>
  <title>Exodigo, which maps subterranean areas using sensors and AI, raises a $29M seed co-led by Zeev Ventures and 10D Ventures (Kyle Wiggers/VentureBeat)</title>
  <link>http://www.techmeme.com/220218/p5#a220218p5</link>
  <description><![CDATA[<A HREF="https://venturebeat.com/2022/02/17/exodigo-which-maps-subterranean-spaces-with-sensors-and-ai-lands-29m/"><IMG VSPACE="4" HSPACE="4" BORDER="0" ALIGN="RIGHT" SRC="http://www.techmeme.com/220218/i5.jpg"></A>
<P><A HREF="http://www.techmeme.com/220218/p5#a220218p5" TITLE="Techmeme permalink"><IMG WIDTH=11 HEIGHT=12 SRC="http://www.techmeme.com/img/pml.png" STYLE="border:none;padding:0;margin:0;"></A> Kyle Wiggers / <A HREF="https://venturebeat.com/">VentureBeat</A>:<BR>
<SPAN STYLE="font-size:1.3em;"><B><A HREF="https://venturebeat.com/2022/02/17/exodigo-which-maps-subterranean-spaces-with-sensors-and-ai-lands-29m/">Exodigo, which maps subterranean areas using sensors and AI, raises a $29M seed co-led by Zeev Ventures and 10D Ventures</A></B></SPAN>&nbsp; &mdash;&nbsp; In the enterprise, drone adoption continues to climb as the commercial applications come into focus &mdash; and regulatory restrictions loosen.</P>
]]></description>
  <pubDate>Fri, 18 Feb 2022 07:40:17 -0500</pubDate>
  <guid>http://www.techmeme.com/220218/p5#a220218p5</guid>
</item>
<item>
  <title>Meta drops out of the top 10 most valuable companies globally, dropping five places since September 2021 as its market value declined by $513B to $565B (Jeran Wittenstein/Bloomberg)</title>
  <link>http://www.techmeme.com/220218/p4#a220218p4</link>
  <description><![CDATA[<A HREF="https://www.bloomberg.com/news/articles/2022-02-17/meta-platforms-falls-from-ranks-of-10-most-valuable-companies"><IMG VSPACE="4" HSPACE="4" BORDER="0" ALIGN="RIGHT" SRC="http://www.techmeme.com/220218/i4.jpg"></A>
<P><A HREF="http://www.techmeme.com/220218/p4#a220218p4" TITLE="Techmeme permalink"><IMG WIDTH=11 HEIGHT=12 SRC="http://www.techmeme.com/img/pml.png" STYLE="border:none;padding:0;margin:0;"></A> Jeran Wittenstein / <A HREF="https://www.bloomberg.com/">Bloomberg</A>:<BR>
<SPAN STYLE="font-size:1.3em;"><B><A HREF="https://www.bloomberg.com/news/articles/2022-02-17/meta-platforms-falls-from-ranks-of-10-most-valuable-companies">Meta drops out of the top 10 most valuable companies globally, dropping five places since September 2021 as its market value declined by $513B to $565B</A></B></SPAN>&nbsp; &mdash;&nbsp; Meta Platforms Inc. has tumbled out of the world's 10 largest companies by market value, hammered by its worst monthly stock decline ever.</P>
]]></description>
  <pubDate>Fri, 18 Feb 2022 07:20:00 -0500</pubDate>
  <guid>http://www.techmeme.com/220218/p4#a220218p4</guid>
</item>
<item>
  <title>Indian startup Pine Labs, a digital payments and financial services provider, raises $150M in primary and secondary funding, sources say at a $5B+ valuation (The Economic Times)</title>
  <link>http://www.techmeme.com/220218/p3#a220218p3</link>
  <description><![CDATA[<A HREF="https://economictimes.indiatimes.com/tech/funding/pine-labs-raises-150-million-from-alpha-wave-at-over-5-billion-valuation/articleshow/89658813.cms"><IMG VSPACE="4" HSPACE="4" BORDER="0" ALIGN="RIGHT" SRC="http://www.techmeme.com/220218/i3.jpg"></A>
<P><A HREF="http://www.techmeme.com/220218/p3#a220218p3" TITLE="Techmeme permalink"><IMG WIDTH=11 HEIGHT=12 SRC="http://www.techmeme.com/img/pml.png" STYLE="border:none;padding:0;margin:0;"></A> <A HREF="http://economictimes.indiatimes.com/">The Economic Times</A>:<BR>
<SPAN STYLE="font-size:1.3em;"><B><A HREF="https://economictimes.indiatimes.com/tech/funding/pine-labs-raises-150-million-from-alpha-wave-at-over-5-billion-valuation/articleshow/89658813.cms">Indian startup Pine Labs, a digital payments and financial services provider, raises $150M in primary and secondary funding, sources say at a $5B+ valuation</A></B></SPAN>&nbsp; &mdash;&nbsp; The digital payments and financial service provider has already received the first tranche of $75 million from Alpha Wave, show regulatory filings.</P>
]]></description>
  <pubDate>Fri, 18 Feb 2022 06:55:02 -0500</pubDate>
  <guid>http://www.techmeme.com/220218/p3#a220218p3</guid>
</item>
<item>
  <title>Universal Music Group partners with NFT marketplace Curio to develop and sell NFT collectibles for its record labels and artists starting in March (Dawn Chmielewski/Reuters)</title>
  <link>http://www.techmeme.com/220218/p2#a220218p2</link>
  <description><![CDATA[<A HREF="https://www.reuters.com/technology/exclusive-universal-music-develop-collectible-nfts-deal-with-curio-platform-2022-02-17/"><IMG VSPACE="4" HSPACE="4" BORDER="0" ALIGN="RIGHT" SRC="http://www.techmeme.com/220218/i2.jpg"></A>
<P><A HREF="http://www.techmeme.com/220218/p2#a220218p2" TITLE="Techmeme permalink"><IMG WIDTH=11 HEIGHT=12 SRC="http://www.techmeme.com/img/pml.png" STYLE="border:none;padding:0;margin:0;"></A> Dawn Chmielewski / <A HREF="http://www.reuters.com/">Reuters</A>:<BR>
<SPAN STYLE="font-size:1.3em;"><B><A HREF="https://www.reuters.com/technology/exclusive-universal-music-develop-collectible-nfts-deal-with-curio-platform-2022-02-17/">Universal Music Group partners with NFT marketplace Curio to develop and sell NFT collectibles for its record labels and artists starting in March</A></B></SPAN>&nbsp; &mdash;&nbsp; Universal Music Group has struck a partnership with NFT platform Curio to develop non-fungible token (NFT) collections for its record labels and artists, the companies said on Thursday.</P>
]]></description>
  <pubDate>Fri, 18 Feb 2022 04:30:03 -0500</pubDate>
  <guid>http://www.techmeme.com/220218/p2#a220218p2</guid>
</item>
<item>
  <title>Sources: federal and state regulators have widened their investigation into how Activision Blizzard CEO and its board handled workplace misconduct allegations (Kirsten Grind/Wall Street Journal)</title>
  <link>http://www.techmeme.com/220218/p1#a220218p1</link>
  <description><![CDATA[<A HREF="https://www.wsj.com/articles/regulators-widen-activision-blizzard-probes-over-workplace-issues-11645136343?mod=djemalertNEWS"><IMG VSPACE="4" HSPACE="4" BORDER="0" ALIGN="RIGHT" SRC="http://www.techmeme.com/220218/i1.jpg"></A>
<P><A HREF="http://www.techmeme.com/220218/p1#a220218p1" TITLE="Techmeme permalink"><IMG WIDTH=11 HEIGHT=12 SRC="http://www.techmeme.com/img/pml.png" STYLE="border:none;padding:0;margin:0;"></A> Kirsten Grind / <A HREF="https://www.wsj.com/">Wall Street Journal</A>:<BR>
<SPAN STYLE="font-size:1.3em;"><B><A HREF="https://www.wsj.com/articles/regulators-widen-activision-blizzard-probes-over-workplace-issues-11645136343?mod=djemalertNEWS">Sources: federal and state regulators have widened their investigation into how Activision Blizzard CEO and its board handled workplace misconduct allegations</A></B></SPAN>&nbsp; &mdash;&nbsp; SEC subpoenas more current and former executives; California agency seeks additional information on CEO Bobby Kotick and board's handling of workplace misconduct allegations</P>
]]></description>
  <pubDate>Fri, 18 Feb 2022 01:45:15 -0500</pubDate>
  <guid>http://www.techmeme.com/220218/p1#a220218p1</guid>
</item>
<item>
  <title>Tel Aviv-based Classiq, which lets developers build algorithms and apps for quantum computers, raises a $33M Series B from HPE, Samsung, and others (Jane Lanhee Lee/Reuters)</title>
  <link>http://www.techmeme.com/220217/p37#a220217p37</link>
  <description><![CDATA[<A HREF="https://www.reuters.com/markets/funds/tel-aviv-based-quantum-computer-software-startup-classiq-raises-33-mln-2022-02-17/"><IMG VSPACE="4" HSPACE="4" BORDER="0" ALIGN="RIGHT" SRC="http://www.techmeme.com/220217/i37.jpg"></A>
<P><A HREF="http://www.techmeme.com/220217/p37#a220217p37" TITLE="Techmeme permalink"><IMG WIDTH=11 HEIGHT=12 SRC="http://www.techmeme.com/img/pml.png" STYLE="border:none;padding:0;margin:0;"></A> Jane Lanhee Lee / <A HREF="http://www.reuters.com/">Reuters</A>:<BR>
<SPAN STYLE="font-size:1.3em;"><B><A HREF="https://www.reuters.com/markets/funds/tel-aviv-based-quantum-computer-software-startup-classiq-raises-33-mln-2022-02-17/">Tel Aviv-based Classiq, which lets developers build algorithms and apps for quantum computers, raises a $33M Series B from HPE, Samsung, and others</A></B></SPAN>&nbsp; &mdash;&nbsp; Quantum computer software startup Classiq based in Tel-Aviv said on Thursday it raised $33 million from the investment arms of Hewlett Packard Enterprise Co &hellip; </P>
]]></description>
  <pubDate>Thu, 17 Feb 2022 22:40:01 -0500</pubDate>
  <guid>http://www.techmeme.com/220217/p37#a220217p37</guid>
</item>
<item>
  <title>Source: Biden is expected to issue an EO next week directing agencies to study crypto and a CBDC, and come up with a strategy to regulate digital assets (Jennifer Schonberger/Yahoo Finance)</title>
  <link>http://www.techmeme.com/220217/p36#a220217p36</link>
  <description><![CDATA[<A HREF="https://finance.yahoo.com/news/biden-order-on-crypto-oversight-expected-next-week-source-says-173452499.html"><IMG VSPACE="4" HSPACE="4" BORDER="0" ALIGN="RIGHT" SRC="http://www.techmeme.com/220217/i36.jpg"></A>
<P><A HREF="http://www.techmeme.com/220217/p36#a220217p36" TITLE="Techmeme permalink"><IMG WIDTH=11 HEIGHT=12 SRC="http://www.techmeme.com/img/pml.png" STYLE="border:none;padding:0;margin:0;"></A> Jennifer Schonberger / <A HREF="http://finance.yahoo.com/">Yahoo Finance</A>:<BR>
<SPAN STYLE="font-size:1.3em;"><B><A HREF="https://finance.yahoo.com/news/biden-order-on-crypto-oversight-expected-next-week-source-says-173452499.html">Source: Biden is expected to issue an EO next week directing agencies to study crypto and a CBDC, and come up with a strategy to regulate digital assets</A></B></SPAN>&nbsp; &mdash;&nbsp; President Biden is expected to issue an executive order next week directing agencies across the government to study cryptocurrencies &hellip; </P>
]]></description>
  <pubDate>Thu, 17 Feb 2022 22:15:10 -0500</pubDate>
  <guid>http://www.techmeme.com/220217/p36#a220217p36</guid>
</item>
<item>
  <title>Intel Xeon roadmap: Emerald Rapids, based on Intel 7 process, coming in 2023, Granite Rapids and new Efficient-core Sierra Forest in 2024, both built on Intel 3 (Dr. Ian Cutress/AnandTech)</title>
  <link>http://www.techmeme.com/220217/p35#a220217p35</link>
  <description><![CDATA[<A HREF="https://www.anandtech.com/show/17259/intel-discloses-multigeneration-xeon-scalable-roadmap-new-ecore-only-xeons-in-2024"><IMG VSPACE="4" HSPACE="4" BORDER="0" ALIGN="RIGHT" SRC="http://www.techmeme.com/220217/i35.jpg"></A>
<P><A HREF="http://www.techmeme.com/220217/p35#a220217p35" TITLE="Techmeme permalink"><IMG WIDTH=11 HEIGHT=12 SRC="http://www.techmeme.com/img/pml.png" STYLE="border:none;padding:0;margin:0;"></A> Dr. Ian Cutress / <A HREF="http://www.anandtech.com/">AnandTech</A>:<BR>
<SPAN STYLE="font-size:1.3em;"><B><A HREF="https://www.anandtech.com/show/17259/intel-discloses-multigeneration-xeon-scalable-roadmap-new-ecore-only-xeons-in-2024">Intel Xeon roadmap: Emerald Rapids, based on Intel 7 process, coming in 2023, Granite Rapids and new Efficient-core Sierra Forest in 2024, both built on Intel 3</A></B></SPAN>&nbsp; &mdash;&nbsp; It's no secret that Intel's enterprise processor platform has been stretched in recent generations.</P>
]]></description>
  <pubDate>Thu, 17 Feb 2022 21:45:00 -0500</pubDate>
  <guid>http://www.techmeme.com/220217/p35#a220217p35</guid>
</item>
<item>
  <title>Sources: Ericsson informed the DOJ about an internal probe that found misconduct over payments in Iraq in 2019, after news that some funds may have reached ISIS (Supantha Mukherjee/Reuters)</title>
  <link>http://www.techmeme.com/220217/p34#a220217p34</link>
  <description><![CDATA[<A HREF="https://www.reuters.com/business/media-telecom/exclusive-ericsson-informed-us-doj-2019-about-iraq-probe-sources-2022-02-17/"><IMG VSPACE="4" HSPACE="4" BORDER="0" ALIGN="RIGHT" SRC="http://www.techmeme.com/220217/i34.jpg"></A>
<P><A HREF="http://www.techmeme.com/220217/p34#a220217p34" TITLE="Techmeme permalink"><IMG WIDTH=11 HEIGHT=12 SRC="http://www.techmeme.com/img/pml.png" STYLE="border:none;padding:0;margin:0;"></A> Supantha Mukherjee / <A HREF="http://www.reuters.com/">Reuters</A>:<BR>
<SPAN STYLE="font-size:1.3em;"><B><A HREF="https://www.reuters.com/business/media-telecom/exclusive-ericsson-informed-us-doj-2019-about-iraq-probe-sources-2022-02-17/">Sources: Ericsson informed the DOJ about an internal probe that found misconduct over payments in Iraq in 2019, after news that some funds may have reached ISIS</A></B></SPAN>&nbsp; &mdash;&nbsp; Ericsson (ERICb.ST) informed the U.S. Department of Justice (DoJ) about an internal investigation into payments in Iraq &hellip; </P>
]]></description>
  <pubDate>Thu, 17 Feb 2022 21:15:03 -0500</pubDate>
  <guid>http://www.techmeme.com/220217/p34#a220217p34</guid>
</item>
<item>
  <title>A profile of Intel CEO Pat Gelsinger, who joined the company at 18, as he seeks to rejuvenate the beleaguered giant by building chip factories across the world (Don Clark/New York Times)</title>
  <link>http://www.techmeme.com/220217/p33#a220217p33</link>
  <description><![CDATA[<A HREF="https://www.nytimes.com/2022/02/17/technology/intels-true-believer-patrick-gelsinger.html"><IMG VSPACE="4" HSPACE="4" BORDER="0" ALIGN="RIGHT" SRC="http://www.techmeme.com/220217/i33.jpg"></A>
<P><A HREF="http://www.techmeme.com/220217/p33#a220217p33" TITLE="Techmeme permalink"><IMG WIDTH=11 HEIGHT=12 SRC="http://www.techmeme.com/img/pml.png" STYLE="border:none;padding:0;margin:0;"></A> Don Clark / <A HREF="https://www.nytimes.com/">New York Times</A>:<BR>
<SPAN STYLE="font-size:1.3em;"><B><A HREF="https://www.nytimes.com/2022/02/17/technology/intels-true-believer-patrick-gelsinger.html">A profile of Intel CEO Pat Gelsinger, who joined the company at 18, as he seeks to rejuvenate the beleaguered giant by building chip factories across the world</A></B></SPAN>&nbsp; &mdash;&nbsp; Patrick Gelsinger is back running a company he first joined at 18.&nbsp; The chip maker was a Silicon Valley titan that lost its luster.</P>
]]></description>
  <pubDate>Thu, 17 Feb 2022 19:25:01 -0500</pubDate>
  <guid>http://www.techmeme.com/220217/p33#a220217p33</guid>
</item>
<item>
  <title>Meta confirms the combined monthly user base for Horizon Worlds and Venues has grown to 300,000 people, up 10x since launching in December (Alex Heath/The Verge)</title>
  <link>http://www.techmeme.com/220217/p32#a220217p32</link>
  <description><![CDATA[<A HREF="https://www.theverge.com/2022/2/17/22939297/meta-social-vr-platform-horizon-300000-users?scrolla=5eb6d68b7fedc32c19ef33b4"><IMG VSPACE="4" HSPACE="4" BORDER="0" ALIGN="RIGHT" SRC="http://www.techmeme.com/220217/i32.jpg"></A>
<P><A HREF="http://www.techmeme.com/220217/p32#a220217p32" TITLE="Techmeme permalink"><IMG WIDTH=11 HEIGHT=12 SRC="http://www.techmeme.com/img/pml.png" STYLE="border:none;padding:0;margin:0;"></A> Alex Heath / <A HREF="https://www.theverge.com/">The Verge</A>:<BR>
<SPAN STYLE="font-size:1.3em;"><B><A HREF="https://www.theverge.com/2022/2/17/22939297/meta-social-vr-platform-horizon-300000-users?scrolla=5eb6d68b7fedc32c19ef33b4">Meta confirms the combined monthly user base for Horizon Worlds and Venues has grown to 300,000 people, up 10x since launching in December</A></B></SPAN>&nbsp; &mdash;&nbsp; That's a 10x increase in about three months.&nbsp; But can the growth continue?&nbsp; &mdash;&nbsp; Facebook has bet its future on virtual reality and the metaverse &hellip; </P>
]]></description>
  <pubDate>Thu, 17 Feb 2022 18:30:02 -0500</pubDate>
  <guid>http://www.techmeme.com/220217/p32#a220217p32</guid>
</item>
<item>
  <title>Google creates a $100M skills training fund for low-income Americans, with loans repayable only once students obtain jobs paying at least $40K a year (Steve Lohr/New York Times)</title>
  <link>http://www.techmeme.com/220217/p31#a220217p31</link>
  <description><![CDATA[<A HREF="https://www.nytimes.com/2022/02/17/business/google-creates-100-million-fund-for-skills-training-program.html"><IMG VSPACE="4" HSPACE="4" BORDER="0" ALIGN="RIGHT" SRC="http://www.techmeme.com/220217/i31.jpg"></A>
<P><A HREF="http://www.techmeme.com/220217/p31#a220217p31" TITLE="Techmeme permalink"><IMG WIDTH=11 HEIGHT=12 SRC="http://www.techmeme.com/img/pml.png" STYLE="border:none;padding:0;margin:0;"></A> Steve Lohr / <A HREF="https://www.nytimes.com/">New York Times</A>:<BR>
<SPAN STYLE="font-size:1.3em;"><B><A HREF="https://www.nytimes.com/2022/02/17/business/google-creates-100-million-fund-for-skills-training-program.html">Google creates a $100M skills training fund for low-income Americans, with loans repayable only once students obtain jobs paying at least $40K a year</A></B></SPAN>&nbsp; &mdash;&nbsp; The project is a big bet on scaling up programs that have proved effective in lifting low-income workers into middle-class jobs and careers.</P>
]]></description>
  <pubDate>Thu, 17 Feb 2022 18:00:30 -0500</pubDate>
  <guid>http://www.techmeme.com/220217/p31#a220217p31</guid>
</item>
<item>
  <title>Instrumental, which lets engineers perform manufacturing quality control without visiting factories, raises a $50M Series C, bringing its total funding to $80M (Ron Miller/TechCrunch)</title>
  <link>http://www.techmeme.com/220217/p30#a220217p30</link>
  <description><![CDATA[<A HREF="https://techcrunch.com/2022/02/16/with-a-50m-series-c-instrumental-looks-to-expand-data-driven-manufacturing-solution/"><IMG VSPACE="4" HSPACE="4" BORDER="0" ALIGN="RIGHT" SRC="http://www.techmeme.com/220217/i30.jpg"></A>
<P><A HREF="http://www.techmeme.com/220217/p30#a220217p30" TITLE="Techmeme permalink"><IMG WIDTH=11 HEIGHT=12 SRC="http://www.techmeme.com/img/pml.png" STYLE="border:none;padding:0;margin:0;"></A> Ron Miller / <A HREF="http://techcrunch.com/">TechCrunch</A>:<BR>
<SPAN STYLE="font-size:1.3em;"><B><A HREF="https://techcrunch.com/2022/02/16/with-a-50m-series-c-instrumental-looks-to-expand-data-driven-manufacturing-solution/">Instrumental, which lets engineers perform manufacturing quality control without visiting factories, raises a $50M Series C, bringing its total funding to $80M</A></B></SPAN>&nbsp; &mdash;&nbsp; Instrumental was launched by two former Apple mechanical engineers in 2015.&nbsp; Having worked on products like the iPod and Apple Watch &hellip; </P>
]]></description>
  <pubDate>Thu, 17 Feb 2022 17:10:07 -0500</pubDate>
  <guid>http://www.techmeme.com/220217/p30#a220217p30</guid>
</item>
<item>
  <title>Roku reports Q4 revenue of $865.3M, vs. $894M est., up 33% YoY, 60.1M active accounts, up 17% YoY, and 19.5B streaming hours, up 15% YoY; stock drops 24%+ (Jordan Novet/CNBC)</title>
  <link>http://www.techmeme.com/220217/p29#a220217p29</link>
  <description><![CDATA[<A HREF="https://www.cnbc.com/2022/02/17/roku-earnings-q4-2021.html"><IMG VSPACE="4" HSPACE="4" BORDER="0" ALIGN="RIGHT" SRC="http://www.techmeme.com/220217/i29.jpg"></A>
<P><A HREF="http://www.techmeme.com/220217/p29#a220217p29" TITLE="Techmeme permalink"><IMG WIDTH=11 HEIGHT=12 SRC="http://www.techmeme.com/img/pml.png" STYLE="border:none;padding:0;margin:0;"></A> Jordan Novet / <A HREF="http://www.cnbc.com/">CNBC</A>:<BR>
<SPAN STYLE="font-size:1.3em;"><B><A HREF="https://www.cnbc.com/2022/02/17/roku-earnings-q4-2021.html">Roku reports Q4 revenue of $865.3M, vs. $894M est., up 33% YoY, 60.1M active accounts, up 17% YoY, and 19.5B streaming hours, up 15% YoY; stock drops 24%+</A></B></SPAN>&nbsp; &mdash;&nbsp; - Roku's revenue growth slowed to a rate that was lower than analysts had expected.&nbsp; &mdash; The company said during the quarter &hellip; </P>
]]></description>
  <pubDate>Thu, 17 Feb 2022 16:45:12 -0500</pubDate>
  <guid>http://www.techmeme.com/220217/p29#a220217p29</guid>
</item>
</channel>
</rss>
