<?xml version="1.0" ?>
	<rss  xmlns:media="http://search.yahoo.com/mrss/" xmlns:atom="http://www.w3.org/2005/Atom" xmlns:dc="http://purl.org/dc/elements/1.1/" version="2.0">
   		<channel> 
      		<lastBuildDate>Sun, 24 Oct 2021 20:49:10 +0300</lastBuildDate>
      		<title>The Standard Kenya</title>
          	<link>https://www.standardmedia.co.ke/rss/kenya.php</link>
      		<language>en-us</language>
  			<copyright>The Standard Group PLC.</copyright>
  			<generator>PHP/7.4.23</generator>
			<pubDate> Sun, 24 Oct 2021 20:49:10 +0300</pubDate>
            <atom:link href="https://www.standardmedia.co.ke/rss/kenya.php" rel="self" type="application/rss+xml" />
			<ttl>10</ttl>
			<image>
				<title>The Standard Kenya</title>
				<link>https://www.standardmedia.co.ke/rss/kenya.php</link>
				<url>https://www.standardmedia.co.ke/assets/img/logo.PNG</url>
				<description>Standardmedia.co.ke We deliver breaking news from across Kenya and the globe and information on the latest top stories, business, sports and entertainment headlines. Follow the news as it happens through: special reports, videos, audio, photo gallerie and many more.</description>
			</image>
			<description>Kenya's Bold Newspaper</description>
		    <item>
        <title>Machakos man who stabbed wife six times surrenders to police</title>
		    <guid isPermaLink="false">https://www.standardmedia.co.ke/article/2001427152/machakos-man-who-stabbed-wife-six-times-surrenders-to-police</guid>
        <pubDate>Sun, 24 Oct 2021 19:36:17 +0300</pubDate>
        <description><![CDATA[The suspect is reported to have attacked his wife after finding her in bed with another man]]></description>
       	<link>https://www.standardmedia.co.ke/article/2001427152/machakos-man-who-stabbed-wife-six-times-surrenders-to-police</link> 
       <dc:creator>Mireri Junior</dc:creator>
       <media:content url="https://cdn.standardmedia.co.ke//images/sunday/machakos_man_who_sta61758e4e1d577.jpg"></media:content>
      </item>
	  		    <item>
        <title>Family's agony after body of Covid-19 victim held over Sh3.2m bill</title>
		    <guid isPermaLink="false">https://www.standardmedia.co.ke/article/2001427144/family-s-agony-after-body-of-covid-19-victim-held-over-sh3-2m-bill</guid>
        <pubDate>Sun, 24 Oct 2021 18:15:00 +0300</pubDate>
        <description><![CDATA[According to the director at the hospital, the hospital waived Sh980,000 from the original Sh3.2m bill.]]></description>
       	<link>https://www.standardmedia.co.ke/article/2001427144/family-s-agony-after-body-of-covid-19-victim-held-over-sh3-2m-bill</link> 
       <dc:creator>Phares Mutembei</dc:creator>
       <media:content url="https://cdn.standardmedia.co.ke//images/sunday/family_in_distress_a61757826645b8.jpg"></media:content>
      </item>
	  		    <item>
        <title>ODM leaders open new office in Ndhiwa in voter drive</title>
		    <guid isPermaLink="false">https://www.standardmedia.co.ke/article/2001427120/odm-leaders-open-new-office-in-ndhiwa-in-voter-drive</guid>
        <pubDate>Sun, 24 Oct 2021 12:08:00 +0300</pubDate>
        <description><![CDATA[The Orange Democratic Movement (ODM) party has opened an office in Ndhiwa Constituency to aid in voter registration.]]></description>
       	<link>https://www.standardmedia.co.ke/article/2001427120/odm-leaders-open-new-office-in-ndhiwa-in-voter-drive</link> 
       <dc:creator>James Omoro and Eric Abuga</dc:creator>
       <media:content url="https://cdn.standardmedia.co.ke//images/sunday/odm_leaders_open_new61752358ba041.jpg"></media:content>
      </item>
	  		    <item>
        <title>Lamu Senator in gun drama, woman hurt</title>
		    <guid isPermaLink="false">https://www.standardmedia.co.ke/article/2001427119/lamu-senator-in-gun-drama-woman-hurt</guid>
        <pubDate>Sun, 24 Oct 2021 12:01:12 +0300</pubDate>
        <description><![CDATA[police officers launched investigations, visited the scene and recovered a firearm with 13 rounds of ammunition from senator Anwar's security detail]]></description>
       	<link>https://www.standardmedia.co.ke/article/2001427119/lamu-senator-in-gun-drama-woman-hurt</link> 
       <dc:creator>Mireri Junior and Winfrey Owino</dc:creator>
       <media:content url="https://cdn.standardmedia.co.ke//images/sunday/woman_shot_in_allege617522676b43b.jpg"></media:content>
      </item>
	  		    <item>
        <title>Kenya Power employee lauded for heroic acts by the vulnerable</title>
		    <guid isPermaLink="false">https://www.standardmedia.co.ke/article/2001427116/kenya-power-employee-lauded-for-heroic-acts-by-the-vulnerable</guid>
        <pubDate>Sun, 24 Oct 2021 11:59:33 +0300</pubDate>
        <description><![CDATA[Linner Towett has worked for Kenya power in different capacities for 33 years. She continues to support needy families, vulnerable children and people]]></description>
       	<link>https://www.standardmedia.co.ke/article/2001427116/kenya-power-employee-lauded-for-heroic-acts-by-the-vulnerable</link> 
       <dc:creator>Kennedy Gachuhi</dc:creator>
       <media:content url="https://cdn.standardmedia.co.ke//images/sunday/kenya_power_employee6175213456f87.jpg"></media:content>
      </item>
	  		    <item>
        <title>Why Governor Ongwae and CS Matiang'i may determine Gusii region's vote</title>
		    <guid isPermaLink="false">https://www.standardmedia.co.ke/article/2001427115/why-governor-ongwae-and-cs-matiang-i-may-determine-gusii-region-s-vote</guid>
        <pubDate>Sun, 24 Oct 2021 11:44:16 +0300</pubDate>
        <description><![CDATA[Governor James Ongwae and Interior and Coordination Cabinet Secretary Fred Matiang'i could likely shape Gusii region's 2022 politics.]]></description>
       	<link>https://www.standardmedia.co.ke/article/2001427115/why-governor-ongwae-and-cs-matiang-i-may-determine-gusii-region-s-vote</link> 
       <dc:creator>Erick Abuga</dc:creator>
       <media:content url="https://cdn.standardmedia.co.ke//images/sunday/why_governor_ongwae_61751e02e6c52.jpg"></media:content>
      </item>
	  		    <item>
        <title>Shopkeeper kills customer over Sh400 debt</title>
		    <guid isPermaLink="false">https://www.standardmedia.co.ke/article/2001427102/shopkeeper-kills-customer-over-sh400-debt</guid>
        <pubDate>Sun, 24 Oct 2021 09:11:26 +0300</pubDate>
        <description><![CDATA[The deceased's body was taken to Longisa County Referal Hospital mortuary awaiting an autopsy to establish the cause of death.]]></description>
       	<link>https://www.standardmedia.co.ke/article/2001427102/shopkeeper-kills-customer-over-sh400-debt</link> 
       <dc:creator>Winfrey Owino</dc:creator>
       <media:content url="https://cdn.standardmedia.co.ke//images/sunday/shopkeeper_kills_cus6174fa7e0f6a9.jpg"></media:content>
      </item>
	  		    <item>
        <title>Tree Talk: Creative play on nature in the great outdoors</title>
		    <guid isPermaLink="false">https://www.standardmedia.co.ke/article/2001427101/tree-talk-creative-play-on-nature-in-the-great-outdoors</guid>
        <pubDate>Sun, 24 Oct 2021 08:53:00 +0300</pubDate>
        <description><![CDATA[Artists use trees as tapestry on which to paint portraits. Exhibition ought to serve as constant reminder of the need to plant more trees.]]></description>
       	<link>https://www.standardmedia.co.ke/article/2001427101/tree-talk-creative-play-on-nature-in-the-great-outdoors</link> 
       <dc:creator>Mbugua Ng'ang'a</dc:creator>
       <media:content url="https://cdn.standardmedia.co.ke//images/sunday/tree_talk_creative_6174f60a9b39d.jpg"></media:content>
      </item>
	  		    <item>
        <title>We're suave Nairobi goats... and smart pedestrians</title>
		    <guid isPermaLink="false">https://www.standardmedia.co.ke/article/2001427086/we-re-suave-nairobi-goats-and-smart-pedestrians</guid>
        <pubDate>Sun, 24 Oct 2021 00:00:00 +0300</pubDate>
        <description><![CDATA[The livestock cross Outer Ring road at three footbridges between Taj-Mall and Donholm. The road has been cited as one of the most dangerous roads.]]></description>
       	<link>https://www.standardmedia.co.ke/article/2001427086/we-re-suave-nairobi-goats-and-smart-pedestrians</link> 
       <dc:creator>Pkemoi Ng'enoh</dc:creator>
       <media:content url="https://cdn.standardmedia.co.ke//images/saturday/were_suave_nairob617459b1167c8.jpg"></media:content>
      </item>
	  		    <item>
        <title>Gideon receives warm reception in Kericho</title>
		    <guid isPermaLink="false">https://www.standardmedia.co.ke/article/2001427078/gideon-receives-warm-reception-in-kericho</guid>
        <pubDate>Sat, 23 Oct 2021 19:58:55 +0300</pubDate>
        <description><![CDATA[It was his first trip to the region since Kanu endorsed him three weeks ago as its presidential candidate. ]]></description>
       	<link>https://www.standardmedia.co.ke/article/2001427078/gideon-receives-warm-reception-in-kericho</link> 
       <dc:creator> Julius Chepkwony and Nikko Tanui </dc:creator>
       <media:content url="https://cdn.standardmedia.co.ke//images/saturday/gideon_receives_warm617440ec01d92.jpg"></media:content>
      </item>
	  		    <item>
        <title>Woman missing for over one week found dead in her house</title>
		    <guid isPermaLink="false">https://www.standardmedia.co.ke/article/2001427076/woman-missing-for-over-one-week-found-dead-in-her-house</guid>
        <pubDate>Sat, 23 Oct 2021 19:44:18 +0300</pubDate>
        <description><![CDATA[A 25-year old woman, who had been reported missing, was found dead in her house at Pipeline Estate in Nakuru town.]]></description>
       	<link>https://www.standardmedia.co.ke/article/2001427076/woman-missing-for-over-one-week-found-dead-in-her-house</link> 
       <dc:creator>Daniel Chege</dc:creator>
       <media:content url="https://cdn.standardmedia.co.ke//images/saturday/woman_missing_for_ov61743c5d59671.jpg"></media:content>
      </item>
	  		    <item>
        <title>Samboja turns to foreign artists to drum up re-election bid</title>
		    <guid isPermaLink="false">https://www.standardmedia.co.ke/article/2001427066/samboja-turns-to-foreign-artists-to-drum-up-re-election-bid</guid>
        <pubDate>Sat, 23 Oct 2021 18:50:55 +0300</pubDate>
        <description><![CDATA[The county boss is engaging local and foreign gospel singers including religious leaders to spice up his vote hunt activities, attracting huge crowds.]]></description>
       	<link>https://www.standardmedia.co.ke/article/2001427066/samboja-turns-to-foreign-artists-to-drum-up-re-election-bid</link> 
       <dc:creator>Renson Mnyamwezi</dc:creator>
       <media:content url="https://cdn.standardmedia.co.ke//images/saturday/samboja_turns_to_for617430aa9cd96.jpg"></media:content>
      </item>
	  		    <item>
        <title>Sossion's vehicle stoned in Bomet Town</title>
		    <guid isPermaLink="false">https://www.standardmedia.co.ke/article/2001427037/sossion-s-vehicle-stoned-in-bomet-town</guid>
        <pubDate>Sat, 23 Oct 2021 15:10:55 +0300</pubDate>
        <description><![CDATA[The windows of Sossion's vehicle, a Toyota Land Cruiser Prado, were shattered during the incident.]]></description>
       	<link>https://www.standardmedia.co.ke/article/2001427037/sossion-s-vehicle-stoned-in-bomet-town</link> 
       <dc:creator>Gilbert Kimutai</dc:creator>
       <media:content url="https://cdn.standardmedia.co.ke//images/saturday/sossions_vehicle_6173fe07a9d65.jpg"></media:content>
      </item>
	  		    <item>
        <title>Police net bhang worth Sh1.2 million in a Nakuru slum</title>
		    <guid isPermaLink="false">https://www.standardmedia.co.ke/article/2001427032/police-net-bhang-worth-sh1-2-million-in-a-nakuru-slum</guid>
        <pubDate>Sat, 23 Oct 2021 13:10:00 +0300</pubDate>
        <description><![CDATA["We suspect that some of the drugs might have been on transit," said Nakuru East Sub-county Police Commander Elena Kabukuru.]]></description>
       	<link>https://www.standardmedia.co.ke/article/2001427032/police-net-bhang-worth-sh1-2-million-in-a-nakuru-slum</link> 
       <dc:creator>Kennedy Gachuhi</dc:creator>
       <media:content url="https://cdn.standardmedia.co.ke//images/saturday/police_net_bhang_wor6173e13c10eed.jpg"></media:content>
      </item>
	  		    <item>
        <title>Lawyers speak on Sonko's chance after Kananu ruling</title>
		    <guid isPermaLink="false">https://www.standardmedia.co.ke/article/2001427030/lawyers-speak-on-sonko-s-chance-after-kananu-ruling</guid>
        <pubDate>Sat, 23 Oct 2021 12:48:37 +0300</pubDate>
        <description><![CDATA[Lawyer says Sonko should withdraw the appeal and call it a day should he fail to stop Kananu's swearing-in]]></description>
       	<link>https://www.standardmedia.co.ke/article/2001427030/lawyers-speak-on-sonko-s-chance-after-kananu-ruling</link> 
       <dc:creator>Mireri Junior</dc:creator>
       <media:content url="https://cdn.standardmedia.co.ke//images/saturday/sonko_hopeful_after_6173dda4e1bb9.jpg"></media:content>
      </item>
	  		    <item>
        <title>Fresh row over move to allocate Yala Swamp land to new investor</title>
		    <guid isPermaLink="false">https://www.standardmedia.co.ke/article/2001427023/fresh-row-over-move-to-allocate-yala-swamp-land-to-new-investor</guid>
        <pubDate>Sat, 23 Oct 2021 11:05:00 +0300</pubDate>
        <description><![CDATA[A new private developer, Lake Agro Limited, intends to take over the swamp.]]></description>
       	<link>https://www.standardmedia.co.ke/article/2001427023/fresh-row-over-move-to-allocate-yala-swamp-land-to-new-investor</link> 
       <dc:creator>Olivia Odhiambo</dc:creator>
       <media:content url="https://cdn.standardmedia.co.ke//images/saturday/fresh_row_over_move_6173c442359be.jpg"></media:content>
      </item>
	  		    <item>
        <title>Nakuru Muslim association leadership row rages in court</title>
		    <guid isPermaLink="false">https://www.standardmedia.co.ke/article/2001427021/nakuru-muslim-association-leadership-row-rages-in-court</guid>
        <pubDate>Sat, 23 Oct 2021 11:00:00 +0300</pubDate>
        <description><![CDATA["None of the genuine members has raised complaints about the running of the affairs of the association," read the suit.]]></description>
       	<link>https://www.standardmedia.co.ke/article/2001427021/nakuru-muslim-association-leadership-row-rages-in-court</link> 
       <dc:creator>Daniel Chege</dc:creator>
       <media:content url="https://cdn.standardmedia.co.ke//images/saturday/nakuru_muslim_associ6173c19888cfb.jpg"></media:content>
      </item>
	  		    <item>
        <title>Nakuru: Man charged with wife's gruesome murder</title>
		    <guid isPermaLink="false">https://www.standardmedia.co.ke/article/2001427019/nakuru-man-charged-with-wife-s-gruesome-murder</guid>
        <pubDate>Sat, 23 Oct 2021 10:40:00 +0300</pubDate>
        <description><![CDATA[Paul Otieno denied stabbing his wife before he attempted to jump from the fourth floor of their residence.]]></description>
       	<link>https://www.standardmedia.co.ke/article/2001427019/nakuru-man-charged-with-wife-s-gruesome-murder</link> 
       <dc:creator>Daniel Chege</dc:creator>
       <media:content url="https://cdn.standardmedia.co.ke//images/saturday/man_denies_stabbing_6173bcbab9beb.jpg"></media:content>
      </item>
	  		    <item>
        <title>Construction boom transforms Migori skyline, businesses</title>
		    <guid isPermaLink="false">https://www.standardmedia.co.ke/article/2001427017/construction-boom-transforms-migori-skyline-businesses</guid>
        <pubDate>Sat, 23 Oct 2021 10:05:00 +0300</pubDate>
        <description><![CDATA[In the late 1800s, Migori was dominated by the Maasai community. The influx of Indians in the 1930s opened up the town as a commercial hub.]]></description>
       	<link>https://www.standardmedia.co.ke/article/2001427017/construction-boom-transforms-migori-skyline-businesses</link> 
       <dc:creator>Anne Atieno</dc:creator>
       <media:content url="https://cdn.standardmedia.co.ke//images/saturday/construction_boom_tr6173b33be6065.jpg"></media:content>
      </item>
	  		    <item>
        <title>Gusii leaders, CSs endorse Raila for State House contest</title>
		    <guid isPermaLink="false">https://www.standardmedia.co.ke/article/2001426992/gusii-leaders-css-endorse-raila-for-state-house-contest</guid>
        <pubDate>Sat, 23 Oct 2021 00:00:00 +0300</pubDate>
        <description><![CDATA[They credited peace enjoyed in the country to the Handshake between Uhuru and the ODM leader after divisive 2017 polls.]]></description>
       	<link>https://www.standardmedia.co.ke/article/2001426992/gusii-leaders-css-endorse-raila-for-state-house-contest</link> 
       <dc:creator>Eric Abuga and Stanley Ongwae</dc:creator>
       <media:content url="https://cdn.standardmedia.co.ke//images/friday/gusii_leaders_css_e6172f5cfc693c.jpg"></media:content>
      </item>
	  		    <item>
        <title>Court dashes Sonko's hopes, clears Kananu for city top job</title>
		    <guid isPermaLink="false">https://www.standardmedia.co.ke/article/2001426981/court-dashes-sonko-s-hopes-clears-kananu-for-city-top-job</guid>
        <pubDate>Fri, 22 Oct 2021 19:05:22 +0300</pubDate>
        <description><![CDATA[Judges rule Kananu swearing-in had nothing to do with Sonko's impeachment. Deputy governor on the cusp of becoming Nairobi's first female governor.]]></description>
       	<link>https://www.standardmedia.co.ke/article/2001426981/court-dashes-sonko-s-hopes-clears-kananu-for-city-top-job</link> 
       <dc:creator>Paul Ogemba</dc:creator>
       <media:content url="https://cdn.standardmedia.co.ke//images/friday/court_dashes_sonkos6172e2d329430.jpg"></media:content>
      </item>
	  		    <item>
        <title>Kisumu Central MP arrested over incitement</title>
		    <guid isPermaLink="false">https://www.standardmedia.co.ke/article/2001426976/kisumu-central-mp-arrested-over-incitement</guid>
        <pubDate>Fri, 22 Oct 2021 17:47:13 +0300</pubDate>
        <description><![CDATA[Ouda is being held for interrogation on issues of incitement and malicious damage to property.]]></description>
       	<link>https://www.standardmedia.co.ke/article/2001426976/kisumu-central-mp-arrested-over-incitement</link> 
       <dc:creator>Nicholas Mburu</dc:creator>
       <media:content url="https://cdn.standardmedia.co.ke//images/friday/kisumu_central_mp_ar6172cff6ae1bc.jpg"></media:content>
      </item>
	  		    <item>
        <title>In disguise, Governor Njuki finds out a few truths about Chuka Referral Hospital </title>
		    <guid isPermaLink="false">https://www.standardmedia.co.ke/article/2001426973/in-disguise-governor-njuki-finds-out-a-few-truths-about-chuka-referral-hospital</guid>
        <pubDate>Fri, 22 Oct 2021 17:30:26 +0300</pubDate>
        <description><![CDATA[Walking in measured steps, Njuki had pulled his hat low over his eyes peeping from beneath it, as he made his way from one place to place in the hosp ]]></description>
       	<link>https://www.standardmedia.co.ke/article/2001426973/in-disguise-governor-njuki-finds-out-a-few-truths-about-chuka-referral-hospital</link> 
       <dc:creator>Phares Mutembei</dc:creator>
       <media:content url="https://cdn.standardmedia.co.ke//images/friday/in_disguise_governo6172cce926a92.jpg"></media:content>
      </item>
	  		    <item>
        <title>Alert as five boys escape from remand in Nyamira</title>
		    <guid isPermaLink="false">https://www.standardmedia.co.ke/article/2001426956/alert-as-five-boys-escape-from-remand-in-nyamira</guid>
        <pubDate>Fri, 22 Oct 2021 14:30:00 +0300</pubDate>
        <description><![CDATA[County Police Commander Grace Kakai said the five broke through the kitchen ceiling.]]></description>
       	<link>https://www.standardmedia.co.ke/article/2001426956/alert-as-five-boys-escape-from-remand-in-nyamira</link> 
       <dc:creator>Stanley Ongwae </dc:creator>
       <media:content url="https://cdn.standardmedia.co.ke//images/friday/high_alert_after_juv6172a091df709.jpg"></media:content>
      </item>
	  		    <item>
        <title>Shop attendant charged with Sh9m fraud </title>
		    <guid isPermaLink="false">https://www.standardmedia.co.ke/article/2001426955/shop-attendant-charged-with-sh9m-fraud</guid>
        <pubDate>Fri, 22 Oct 2021 14:00:00 +0300</pubDate>
        <description><![CDATA[The shopkeeper was released on a bond of Sh3 million or alternatively pay a cash bail of Sh1 million.]]></description>
       	<link>https://www.standardmedia.co.ke/article/2001426955/shop-attendant-charged-with-sh9m-fraud</link> 
       <dc:creator>Collins Kweyu</dc:creator>
       <media:content url="https://cdn.standardmedia.co.ke//images/friday/shop_attendant_charg6172994fcc2b5.jpg"></media:content>
      </item>
	  		    <item>
        <title>Raila delivers Sh10m gift to Kigumo hospital after student request</title>
		    <guid isPermaLink="false">https://www.standardmedia.co.ke/article/2001426947/raila-delivers-sh10m-gift-to-kigumo-hospital-after-student-request</guid>
        <pubDate>Fri, 22 Oct 2021 12:21:53 +0300</pubDate>
        <description><![CDATA[Gichuki is the son of a former Councilor now MCA) for Komothai ward]]></description>
       	<link>https://www.standardmedia.co.ke/article/2001426947/raila-delivers-sh10m-gift-to-kigumo-hospital-after-student-request</link> 
       <dc:creator>Elvince Joshua</dc:creator>
       <media:content url="https://cdn.standardmedia.co.ke//images/friday/raila_delivers_sh10m61728973f0998.jpg"></media:content>
      </item>
	  		    <item>
        <title>Police on high alert ahead of first weekend after lifting of curfew</title>
		    <guid isPermaLink="false">https://www.standardmedia.co.ke/article/2001426943/police-on-high-alert-ahead-of-first-weekend-after-lifting-of-curfew</guid>
        <pubDate>Fri, 22 Oct 2021 11:39:38 +0300</pubDate>
        <description><![CDATA[Police dismiss a report doing on social media that they will mount roadblocks along major roads in the city]]></description>
       	<link>https://www.standardmedia.co.ke/article/2001426943/police-on-high-alert-ahead-of-first-weekend-after-lifting-of-curfew</link> 
       <dc:creator>Mate Tongola</dc:creator>
       <media:content url="https://cdn.standardmedia.co.ke//images/friday/police_on_high_alert61727e074bebe.jpg"></media:content>
      </item>
	  		    <item>
        <title>Makueni man goes into hiding after raping his mum</title>
		    <guid isPermaLink="false">https://www.standardmedia.co.ke/article/2001426927/makueni-man-goes-into-hiding-after-raping-his-mum</guid>
        <pubDate>Fri, 22 Oct 2021 09:06:17 +0300</pubDate>
        <description><![CDATA[Detectives have launched a manhunt for the 45-year-old man]]></description>
       	<link>https://www.standardmedia.co.ke/article/2001426927/makueni-man-goes-into-hiding-after-raping-his-mum</link> 
       <dc:creator>Mireri Junior</dc:creator>
       <media:content url="https://cdn.standardmedia.co.ke//images/friday/makueni_man_goes_int61725601a180b.jpg"></media:content>
      </item>
	  		    <item>
        <title>All that glitters is not gold: Miners suffer effects of using mercury</title>
		    <guid isPermaLink="false">https://www.standardmedia.co.ke/article/2001426859/all-that-glitters-is-not-gold-miners-suffer-effects-of-using-mercury</guid>
        <pubDate>Fri, 22 Oct 2021 08:15:00 +0300</pubDate>
        <description><![CDATA[Prolonged exposure to mercury and sodium cyanide used in gold extraction causes damage to the nervous, digestive and immune systems.]]></description>
       	<link>https://www.standardmedia.co.ke/article/2001426859/all-that-glitters-is-not-gold-miners-suffer-effects-of-using-mercury</link> 
       <dc:creator>Nathan Ochunge</dc:creator>
       <media:content url="https://cdn.standardmedia.co.ke//images/friday/all_that_glitters_is6172420d517ef.jpg"></media:content>
      </item>
	  		    <item>
        <title>West Pokot County supplies porridge flour to nursery schools to boost nutrition</title>
		    <guid isPermaLink="false">https://www.standardmedia.co.ke/article/2001426925/west-pokot-county-supplies-porridge-flour-to-nursery-schools-to-boost-nutrition</guid>
        <pubDate>Fri, 22 Oct 2021 08:05:00 +0300</pubDate>
        <description><![CDATA[Learners in these centres will be served with a cup of porridge early in the morning and after classes every day.]]></description>
       	<link>https://www.standardmedia.co.ke/article/2001426925/west-pokot-county-supplies-porridge-flour-to-nursery-schools-to-boost-nutrition</link> 
       <dc:creator>Irissheel Shanzu</dc:creator>
       <media:content url="https://cdn.standardmedia.co.ke//images/friday/west_pokot_county_su617246b27b2ab.jpg"></media:content>
      </item>
	  
   </channel>
</rss>