<?xml version="1.0" encoding="UTF-8"?>
<?xml-stylesheet title="XSL_formatting" type="text/xsl" href="/shared/bsp/xsl/rss/nolsol.xsl"?>
<rss xmlns:dc="http://purl.org/dc/elements/1.1/" xmlns:content="http://purl.org/rss/1.0/modules/content/" xmlns:atom="http://www.w3.org/2005/Atom" version="2.0" xmlns:media="http://search.yahoo.com/mrss/">
    <channel>
        <title><![CDATA[BBC News - World]]></title>
        <description><![CDATA[BBC News - World]]></description>
        <link>https://www.bbc.co.uk/news/</link>
        <image>
            <url>https://news.bbcimg.co.uk/nol/shared/img/bbc_news_120x60.gif</url>
            <title>BBC News - World</title>
            <link>https://www.bbc.co.uk/news/</link>
        </image>
        <generator>RSS for Node</generator>
        <lastBuildDate>Mon, 25 Oct 2021 12:21:14 GMT</lastBuildDate>
        <copyright><![CDATA[Copyright: (C) British Broadcasting Corporation, see http://news.bbc.co.uk/2/hi/help/rss/4498287.stm for terms and conditions of reuse.]]></copyright>
        <language><![CDATA[en-gb]]></language>
        <ttl>15</ttl>
        <item>
            <title><![CDATA[Sudan's military dissolves civilian government and arrests leaders]]></title>
            <description><![CDATA[A leading general blames political infighting, as protesters in Khartoum denounce a coup.]]></description>
            <link>https://www.bbc.co.uk/news/world-africa-59033142?at_medium=RSS&amp;at_campaign=KARANGA</link>
            <guid isPermaLink="false">https://www.bbc.co.uk/news/world-africa-59033142</guid>
            <pubDate>Mon, 25 Oct 2021 11:37:31 GMT</pubDate>
        </item>
        <item>
            <title><![CDATA[Afghanistan facing desperate food crisis, UN warns]]></title>
            <description><![CDATA[The UN World Food Programme says half the population now faces acute food insecurity.]]></description>
            <link>https://www.bbc.co.uk/news/world-asia-59011501?at_medium=RSS&amp;at_campaign=KARANGA</link>
            <guid isPermaLink="false">https://www.bbc.co.uk/news/world-asia-59011501</guid>
            <pubDate>Mon, 25 Oct 2021 07:30:15 GMT</pubDate>
        </item>
        <item>
            <title><![CDATA[German IS woman jailed for Yazidi girl's death in Iraq]]></title>
            <description><![CDATA[A Munich court jails a jihadi bride for 10 years for the agonising death of a Yazidi girl in 2015.]]></description>
            <link>https://www.bbc.co.uk/news/world-europe-59036964?at_medium=RSS&amp;at_campaign=KARANGA</link>
            <guid isPermaLink="false">https://www.bbc.co.uk/news/world-europe-59036964</guid>
            <pubDate>Mon, 25 Oct 2021 09:38:59 GMT</pubDate>
        </item>
        <item>
            <title><![CDATA[Alec Baldwin was pointing gun at camera in Rust rehearsal, legal papers say]]></title>
            <description><![CDATA[Legal papers shed light on what happened when actor Alec Baldwin fired a gun with tragic results.]]></description>
            <link>https://www.bbc.co.uk/news/entertainment-arts-59035483?at_medium=RSS&amp;at_campaign=KARANGA</link>
            <guid isPermaLink="false">https://www.bbc.co.uk/news/entertainment-arts-59035483</guid>
            <pubDate>Mon, 25 Oct 2021 11:21:27 GMT</pubDate>
        </item>
        <item>
            <title><![CDATA[James Michael Tyler: Friends stars show 'gratitude' for Gunther actor]]></title>
            <description><![CDATA[Jennifer Aniston says the show "would not have been the same" without the late James Michael Tyler.]]></description>
            <link>https://www.bbc.co.uk/news/entertainment-arts-59032751?at_medium=RSS&amp;at_campaign=KARANGA</link>
            <guid isPermaLink="false">https://www.bbc.co.uk/news/entertainment-arts-59032751</guid>
            <pubDate>Mon, 25 Oct 2021 09:45:08 GMT</pubDate>
        </item>
        <item>
            <title><![CDATA[Amnesty to close Hong Kong offices over National Security Law]]></title>
            <description><![CDATA[The human rights organisation says its staff are under threat from the city's national security law.]]></description>
            <link>https://www.bbc.co.uk/news/world-asia-59036714?at_medium=RSS&amp;at_campaign=KARANGA</link>
            <guid isPermaLink="false">https://www.bbc.co.uk/news/world-asia-59036714</guid>
            <pubDate>Mon, 25 Oct 2021 09:30:07 GMT</pubDate>
        </item>
        <item>
            <title><![CDATA[Climate change: The environmental disasters we've almost fixed]]></title>
            <description><![CDATA[From acid rain to the ozone hole: Can we learn from the environmental "success stories" of the past?]]></description>
            <link>https://www.bbc.co.uk/news/science-environment-58874831?at_medium=RSS&amp;at_campaign=KARANGA</link>
            <guid isPermaLink="false">https://www.bbc.co.uk/news/science-environment-58874831</guid>
            <pubDate>Mon, 25 Oct 2021 00:00:50 GMT</pubDate>
        </item>
        <item>
            <title><![CDATA[Michael Jordan's trainers sell for record $1.47m at auction]]></title>
            <description><![CDATA[The US basketball legend wore the pair of red and white trainers during his first NBA season in 1984.]]></description>
            <link>https://www.bbc.co.uk/news/world-us-canada-59032756?at_medium=RSS&amp;at_campaign=KARANGA</link>
            <guid isPermaLink="false">https://www.bbc.co.uk/news/world-us-canada-59032756</guid>
            <pubDate>Mon, 25 Oct 2021 00:53:42 GMT</pubDate>
        </item>
        <item>
            <title><![CDATA[Colombian drug lord Otoniel to be extradited to US]]></title>
            <description><![CDATA[US officials had placed a $5m (£3.6m) bounty on the head of Otoniel, Colombia's most wanted drug lord.]]></description>
            <link>https://www.bbc.co.uk/news/world-latin-america-59032300?at_medium=RSS&amp;at_campaign=KARANGA</link>
            <guid isPermaLink="false">https://www.bbc.co.uk/news/world-latin-america-59032300</guid>
            <pubDate>Mon, 25 Oct 2021 08:13:01 GMT</pubDate>
        </item>
        <item>
            <title><![CDATA[China postpones Beijing marathon due to Covid surge]]></title>
            <description><![CDATA[Around 30,000 people were expected to take part in the marathon on October 31.]]></description>
            <link>https://www.bbc.co.uk/news/world-asia-china-59033165?at_medium=RSS&amp;at_campaign=KARANGA</link>
            <guid isPermaLink="false">https://www.bbc.co.uk/news/world-asia-china-59033165</guid>
            <pubDate>Mon, 25 Oct 2021 03:31:03 GMT</pubDate>
        </item>
        <item>
            <title><![CDATA[Uganda: One killed in bomb attack at Kampala bar]]></title>
            <description><![CDATA[Islamic State says it was behind the bombing - a week after the UK warned about a possible attack.]]></description>
            <link>https://www.bbc.co.uk/news/world-africa-59028210?at_medium=RSS&amp;at_campaign=KARANGA</link>
            <guid isPermaLink="false">https://www.bbc.co.uk/news/world-africa-59028210</guid>
            <pubDate>Mon, 25 Oct 2021 01:38:18 GMT</pubDate>
        </item>
        <item>
            <title><![CDATA[James Michael Tyler: 11 of Gunther's funniest Friends moments]]></title>
            <description><![CDATA[A look back at some of the character's highlights following actor James Michael Tyler's death.]]></description>
            <link>https://www.bbc.co.uk/news/entertainment-arts-57608696?at_medium=RSS&amp;at_campaign=KARANGA</link>
            <guid isPermaLink="false">https://www.bbc.co.uk/news/entertainment-arts-57608696</guid>
            <pubDate>Sun, 24 Oct 2021 21:24:27 GMT</pubDate>
        </item>
        <item>
            <title><![CDATA[Is internet addiction a growing problem?]]></title>
            <description><![CDATA[Experts warn that the pandemic lockdowns have made more people vulnerable.]]></description>
            <link>https://www.bbc.co.uk/news/business-58979895?at_medium=RSS&amp;at_campaign=KARANGA</link>
            <guid isPermaLink="false">https://www.bbc.co.uk/news/business-58979895</guid>
            <pubDate>Sun, 24 Oct 2021 23:57:39 GMT</pubDate>
        </item>
        <item>
            <title><![CDATA[Living with the world's oldest mummies]]></title>
            <description><![CDATA[In a town in northern Chile it is not unusual for residents to stumble across ancient mummies.]]></description>
            <link>https://www.bbc.co.uk/news/world-latin-america-58639748?at_medium=RSS&amp;at_campaign=KARANGA</link>
            <guid isPermaLink="false">https://www.bbc.co.uk/news/world-latin-america-58639748</guid>
            <pubDate>Sun, 24 Oct 2021 23:58:37 GMT</pubDate>
        </item>
        <item>
            <title><![CDATA[How China’s past shapes Xi's thinking - and his view of the world]]></title>
            <description><![CDATA[Heightened tensions with Taiwan has the world wondering where President Xi Jinping sees China on the world stage.]]></description>
            <link>https://www.bbc.co.uk/news/world-asia-58969969?at_medium=RSS&amp;at_campaign=KARANGA</link>
            <guid isPermaLink="false">https://www.bbc.co.uk/news/world-asia-58969969</guid>
            <pubDate>Sun, 24 Oct 2021 23:59:39 GMT</pubDate>
        </item>
        <item>
            <title><![CDATA[Tigray crisis: How the West has fallen out with Ethiopia's PM]]></title>
            <description><![CDATA[The EU and US threaten punitive action against the government and rebels as conflict escalates.]]></description>
            <link>https://www.bbc.co.uk/news/world-africa-58967302?at_medium=RSS&amp;at_campaign=KARANGA</link>
            <guid isPermaLink="false">https://www.bbc.co.uk/news/world-africa-58967302</guid>
            <pubDate>Mon, 25 Oct 2021 00:02:01 GMT</pubDate>
        </item>
        <item>
            <title><![CDATA[The bumpy road to India's electric car dreams]]></title>
            <description><![CDATA[New investments and incentives are making electric vehicles more viable. But is India ready for the change?]]></description>
            <link>https://www.bbc.co.uk/news/world-asia-india-58977080?at_medium=RSS&amp;at_campaign=KARANGA</link>
            <guid isPermaLink="false">https://www.bbc.co.uk/news/world-asia-india-58977080</guid>
            <pubDate>Mon, 25 Oct 2021 00:02:20 GMT</pubDate>
        </item>
        <item>
            <title><![CDATA[Afghan baby girl sold for $500 by starving family]]></title>
            <description><![CDATA[The BBC’s Yogita Limaye witnesses first-hand the extreme poverty engulfing millions in Afghanistan.]]></description>
            <link>https://www.bbc.co.uk/news/world-asia-59034650?at_medium=RSS&amp;at_campaign=KARANGA</link>
            <guid isPermaLink="false">https://www.bbc.co.uk/news/world-asia-59034650</guid>
            <pubDate>Mon, 25 Oct 2021 11:09:39 GMT</pubDate>
        </item>
        <item>
            <title><![CDATA[The Gambia: 'We are crying for justice']]></title>
            <description><![CDATA[A report into alleged human rights abuses during the rule of former president Jammeh has been delayed.]]></description>
            <link>https://www.bbc.co.uk/news/world-africa-59016290?at_medium=RSS&amp;at_campaign=KARANGA</link>
            <guid isPermaLink="false">https://www.bbc.co.uk/news/world-africa-59016290</guid>
            <pubDate>Sun, 24 Oct 2021 23:04:47 GMT</pubDate>
        </item>
        <item>
            <title><![CDATA[How can Coca-Cola solve its plastic problem?]]></title>
            <description><![CDATA[The drinks company has been named the world's biggest plastic polluter.]]></description>
            <link>https://www.bbc.co.uk/news/science-environment-59017151?at_medium=RSS&amp;at_campaign=KARANGA</link>
            <guid isPermaLink="false">https://www.bbc.co.uk/news/science-environment-59017151</guid>
            <pubDate>Sun, 24 Oct 2021 23:09:11 GMT</pubDate>
        </item>
        <item>
            <title><![CDATA[Inside the Indonesian cave where oldest animal art was found]]></title>
            <description><![CDATA[The BBC is given rare access to film the 45,500-year-old images found on an Indonesian island.]]></description>
            <link>https://www.bbc.co.uk/news/world-asia-58988252?at_medium=RSS&amp;at_campaign=KARANGA</link>
            <guid isPermaLink="false">https://www.bbc.co.uk/news/world-asia-58988252</guid>
            <pubDate>Sun, 24 Oct 2021 23:02:59 GMT</pubDate>
        </item>
        <item>
            <title><![CDATA[Death after Alec Baldwin fires prop gun 'unfathomable']]></title>
            <description><![CDATA[A director who worked with Halyna Hutchins in 2020 describes the gun safety protocols films tend to use.]]></description>
            <link>https://www.bbc.co.uk/news/entertainment-arts-59008375?at_medium=RSS&amp;at_campaign=KARANGA</link>
            <guid isPermaLink="false">https://www.bbc.co.uk/news/entertainment-arts-59008375</guid>
            <pubDate>Fri, 22 Oct 2021 10:36:44 GMT</pubDate>
        </item>
        <item>
            <title><![CDATA[Climate change quiz: Test your knowledge of how to reduce emissions]]></title>
            <description><![CDATA[How much do you know about the steps you could take to help curb climate change?]]></description>
            <link>https://www.bbc.co.uk/news/science-environment-58996348?at_medium=RSS&amp;at_campaign=KARANGA</link>
            <guid isPermaLink="false">https://www.bbc.co.uk/news/science-environment-58996348</guid>
            <pubDate>Mon, 25 Oct 2021 06:20:36 GMT</pubDate>
        </item>
        <item>
            <title><![CDATA[Climate change: How do we know it is happening and caused by humans?]]></title>
            <description><![CDATA[What's the evidence for global warming and how do we know it's being caused by human activity?]]></description>
            <link>https://www.bbc.co.uk/news/science-environment-58954530?at_medium=RSS&amp;at_campaign=KARANGA</link>
            <guid isPermaLink="false">https://www.bbc.co.uk/news/science-environment-58954530</guid>
            <pubDate>Mon, 25 Oct 2021 00:01:25 GMT</pubDate>
        </item>
        <item>
            <title><![CDATA[What is climate change? A really simple guide]]></title>
            <description><![CDATA[World temperatures are rising because of human activity, and climate change now threatens every aspect of human life.]]></description>
            <link>https://www.bbc.co.uk/news/science-environment-24021772?at_medium=RSS&amp;at_campaign=KARANGA</link>
            <guid isPermaLink="false">https://www.bbc.co.uk/news/science-environment-24021772</guid>
            <pubDate>Wed, 13 Oct 2021 12:50:38 GMT</pubDate>
        </item>
        <item>
            <title><![CDATA[Contrails: How tweaking flight plans can help the climate]]></title>
            <description><![CDATA[Why experts say cutting contrails costs less than $1bn a year but may be worth so much more.]]></description>
            <link>https://www.bbc.co.uk/news/business-58769351?at_medium=RSS&amp;at_campaign=KARANGA</link>
            <guid isPermaLink="false">https://www.bbc.co.uk/news/business-58769351</guid>
            <pubDate>Fri, 22 Oct 2021 12:43:21 GMT</pubDate>
        </item>
        <item>
            <title><![CDATA[Climate change: Why Australia refuses to give up coal]]></title>
            <description><![CDATA[Australia is the only rich nation still wedded to coal, despite urgent calls to stop its use.]]></description>
            <link>https://www.bbc.co.uk/news/world-australia-57925798?at_medium=RSS&amp;at_campaign=KARANGA</link>
            <guid isPermaLink="false">https://www.bbc.co.uk/news/world-australia-57925798</guid>
            <pubDate>Fri, 22 Oct 2021 14:58:12 GMT</pubDate>
        </item>
    </channel>
</rss>