<?xml version="1.0" encoding="UTF-8"?><rss xmlns:atom="http://www.w3.org/2005/Atom" version="2.0"><channel><title>India News | Latest News Headlines &amp; Live Updates from India - Times of India</title><link>https://timesofindia.indiatimes.com/india</link><description>India News: Times of India brings the top news headlines from India on Politics, Current Affairs, Sports, Entertainment, Technology and Indian Business News.</description><language>en-gb</language><lastBuildDate>Mon, 25 Oct 2021 19:37:15 IST</lastBuildDate><atom:link type="application/rss+xml" rel="self" href="https://timesofindia.indiatimes.com/rssfeeds/-2128936835.cms"/><copyright>Copyright:(C) 2021 Bennett Coleman &amp; Co. Ltd, http://in.indiatimes.com/policyterms/1554651.cms</copyright><docs>http://syndication.indiatimes.com/</docs><image><title>India News | Latest News Headlines &amp; Live Updates from India - Times of India</title><url>https://timesofindia.indiatimes.com/photo/507610.cms</url><link>https://timesofindia.indiatimes.com/india</link></image><item><title>Madras high court orders postponement of KVPY exam over regional language issue</title><description>&lt;a href="https://timesofindia.indiatimes.com/india/madras-high-court-orders-postponement-of-kvpy-exam-over-regional-language-issue/articleshow/87259934.cms"&gt;&lt;img border="0" hspace="10" align="left" style="margin-top:3px;margin-right:5px;" src="https://timesofindia.indiatimes.com/photo/87259934.cms" /&gt;&lt;/a&gt;</description><link>https://timesofindia.indiatimes.com/india/madras-high-court-orders-postponement-of-kvpy-exam-over-regional-language-issue/articleshow/87259934.cms</link><guid>https://timesofindia.indiatimes.com/india/madras-high-court-orders-postponement-of-kvpy-exam-over-regional-language-issue/articleshow/87259934.cms</guid><pubDate>Mon, 25 Oct 2021 18:43:51 IST</pubDate></item><item><title>Mother-in-law residing with her son-in-law is "legal representative" under MV Act: SC</title><description>&lt;a href="https://timesofindia.indiatimes.com/india/mother-in-law-residing-with-her-son-in-law-is-legal-representative-under-mv-act-sc/articleshow/87259744.cms"&gt;&lt;img border="0" hspace="10" align="left" style="margin-top:3px;margin-right:5px;" src="https://timesofindia.indiatimes.com/photo/87259744.cms" /&gt;&lt;/a&gt;A mother-in-law residing with her son-in-law is a "legal representative" under the provision of the Motor Vehicles Act and is entitled to compensation under a claim petition, the Supreme Court on Monday said.</description><link>https://timesofindia.indiatimes.com/india/mother-in-law-residing-with-her-son-in-law-is-legal-representative-under-mv-act-sc/articleshow/87259744.cms</link><guid>https://timesofindia.indiatimes.com/india/mother-in-law-residing-with-her-son-in-law-is-legal-representative-under-mv-act-sc/articleshow/87259744.cms</guid><pubDate>Mon, 25 Oct 2021 18:33:53 IST</pubDate></item><item><title>Priyanka Gandhi counters Yogi Adityanath govt over health in Uttar Pradesh</title><description>&lt;a href="https://timesofindia.indiatimes.com/india/priyanka-gandhi-counters-yogi-adityanath-govt-over-health-in-uttar-pradesh/articleshow/87257578.cms"&gt;&lt;img border="0" hspace="10" align="left" style="margin-top:3px;margin-right:5px;" src="https://timesofindia.indiatimes.com/photo/87257578.cms" /&gt;&lt;/a&gt;In a coincidence or may be as a planned strategy, Priyanka's promise over the healthcare sector came on a day when Prime Minister Narendra Modi was in the state to inaugurate and launch ambitious projects in the same sector in two different programmes.</description><link>https://timesofindia.indiatimes.com/india/priyanka-gandhi-counters-yogi-adityanath-govt-over-health-in-uttar-pradesh/articleshow/87257578.cms</link><guid>https://timesofindia.indiatimes.com/india/priyanka-gandhi-counters-yogi-adityanath-govt-over-health-in-uttar-pradesh/articleshow/87257578.cms</guid><pubDate>Mon, 25 Oct 2021 18:07:34 IST</pubDate></item><item><title>From seers, deities to ideologues: Icons after whom the Yogi govt named its new hospitals</title><description>&lt;a href="https://timesofindia.indiatimes.com/india/from-seers-deities-to-ideologues-icons-after-whom-the-yogi-govt-named-its-new-hospitals/articleshow/87259033.cms"&gt;&lt;img border="0" hspace="10" align="left" style="margin-top:3px;margin-right:5px;" src="https://timesofindia.indiatimes.com/photo/87259033.cms" /&gt;&lt;/a&gt;</description><link>https://timesofindia.indiatimes.com/india/from-seers-deities-to-ideologues-icons-after-whom-the-yogi-govt-named-its-new-hospitals/articleshow/87259033.cms</link><guid>https://timesofindia.indiatimes.com/india/from-seers-deities-to-ideologues-icons-after-whom-the-yogi-govt-named-its-new-hospitals/articleshow/87259033.cms</guid><pubDate>Mon, 25 Oct 2021 18:06:18 IST</pubDate></item><item><title>Congress seeks JPC probe into Facebook's alleged role in 'influencing' polls</title><description>&lt;a href="https://timesofindia.indiatimes.com/india/congress-seeks-jpc-probe-into-facebooks-alleged-role-in-influencing-polls/articleshow/87258807.cms"&gt;&lt;img border="0" hspace="10" align="left" style="margin-top:3px;margin-right:5px;" src="https://timesofindia.indiatimes.com/photo/87258807.cms" /&gt;&lt;/a&gt;The Congress on Monday accused Facebook of "influencing" India's elections and "undermining" democracy and demanded a joint parliamentary committee probe into it."Facebook has reduced itself to a Fakebook," Congress spokesperson Pawan Khera said while raising the purported leaked internal reports of the social media giant on not initiating action against hate speech posts on its platform in India.</description><link>https://timesofindia.indiatimes.com/india/congress-seeks-jpc-probe-into-facebooks-alleged-role-in-influencing-polls/articleshow/87258807.cms</link><guid>https://timesofindia.indiatimes.com/india/congress-seeks-jpc-probe-into-facebooks-alleged-role-in-influencing-polls/articleshow/87258807.cms</guid><pubDate>Mon, 25 Oct 2021 17:53:38 IST</pubDate></item><item><title>Previous governments exploited health sector for personal earning: PM Narendra Modi</title><description>&lt;a href="https://timesofindia.indiatimes.com/india/previous-governments-exploited-health-sector-for-personal-earning-pm-narendra-modi/articleshow/87258323.cms"&gt;&lt;img border="0" hspace="10" align="left" style="margin-top:3px;margin-right:5px;" src="https://timesofindia.indiatimes.com/photo/87258323.cms" /&gt;&lt;/a&gt;</description><link>https://timesofindia.indiatimes.com/india/previous-governments-exploited-health-sector-for-personal-earning-pm-narendra-modi/articleshow/87258323.cms</link><guid>https://timesofindia.indiatimes.com/india/previous-governments-exploited-health-sector-for-personal-earning-pm-narendra-modi/articleshow/87258323.cms</guid><pubDate>Mon, 25 Oct 2021 17:34:55 IST</pubDate></item><item><title>Centre has asked for vaccinating those over 17 years against Covid-19: Himanta Biswa Sarma</title><description>&lt;a href="https://timesofindia.indiatimes.com/india/centre-has-asked-for-vaccinating-those-over-17-years-against-covid-19-himanta-biswa-sarma/articleshow/87256782.cms"&gt;&lt;img border="0" hspace="10" align="left" style="margin-top:3px;margin-right:5px;" src="https://timesofindia.indiatimes.com/photo/87256782.cms" /&gt;&lt;/a&gt;Addressing a by-poll campaign rally, Sarma said "A new directive has come from New Delhi that all those who are above 17 years of age can now take the Covid-19 vaccine.I urge you to ensure that all our boys and girls between 17 to 18 years take the vaccine now," he said at a bypoll campaign rally.</description><link>https://timesofindia.indiatimes.com/india/centre-has-asked-for-vaccinating-those-over-17-years-against-covid-19-himanta-biswa-sarma/articleshow/87256782.cms</link><guid>https://timesofindia.indiatimes.com/india/centre-has-asked-for-vaccinating-those-over-17-years-against-covid-19-himanta-biswa-sarma/articleshow/87256782.cms</guid><pubDate>Mon, 25 Oct 2021 16:30:04 IST</pubDate></item><item><title>Samyukt Kisan Morcha will oppose BJP in UP assembly polls: Rakesh Tikait</title><description>&lt;a href="https://timesofindia.indiatimes.com/india/samyukt-kisan-morcha-will-oppose-bjp-in-up-assembly-polls-rakesh-tikait/articleshow/87256314.cms"&gt;&lt;img border="0" hspace="10" align="left" style="margin-top:3px;margin-right:5px;" src="https://timesofindia.indiatimes.com/photo/87256314.cms" /&gt;&lt;/a&gt;Bhartiya Kisan Union (BKU) leader Rakesh Tikait on Monday visited the family of Arun Narwar who was allegedly killed in police custody in Agra in Uttar Pradesh and demanded a compensation of Rs 40 lakh and government job to his kin. Speaking to reporters after meeting Narwar's family members, Tikait said, "The state government is discriminating while giving compensation</description><link>https://timesofindia.indiatimes.com/india/samyukt-kisan-morcha-will-oppose-bjp-in-up-assembly-polls-rakesh-tikait/articleshow/87256314.cms</link><guid>https://timesofindia.indiatimes.com/india/samyukt-kisan-morcha-will-oppose-bjp-in-up-assembly-polls-rakesh-tikait/articleshow/87256314.cms</guid><pubDate>Mon, 25 Oct 2021 16:11:33 IST</pubDate></item><item><title>Scuffle between Kashmiri, UP, Bihar students at Punjab institute after India-Pakistan cricket match</title><description/><link>https://timesofindia.indiatimes.com/india/scuffle-between-kashmiri-up-bihar-students-at-punjab-institute-after-india-pakistan-cricket-match/articleshow/87256248.cms</link><guid>https://timesofindia.indiatimes.com/india/scuffle-between-kashmiri-up-bihar-students-at-punjab-institute-after-india-pakistan-cricket-match/articleshow/87256248.cms</guid><pubDate>Mon, 25 Oct 2021 16:04:43 IST</pubDate></item><item><title>Biological E hopes to roll out Covid-19 vaccine Corbevax by November-end</title><description>&lt;a href="https://timesofindia.indiatimes.com/india/biological-e-hopes-to-roll-out-covid-19-vaccine-corbevax-by-november-end/articleshow/87256011.cms"&gt;&lt;img border="0" hspace="10" align="left" style="margin-top:3px;margin-right:5px;" src="https://timesofindia.indiatimes.com/photo/87256011.cms" /&gt;&lt;/a&gt;Speaking to reporters on the sidelines of signing a financing agreement with US international development finance corporation (DFC), Mahima Datla said currently the manufactured doses are being sent to Central Drugs Laboratory (CDL), Kasauli in Himachal Pradesh for regulatory testing.</description><link>https://timesofindia.indiatimes.com/india/biological-e-hopes-to-roll-out-covid-19-vaccine-corbevax-by-november-end/articleshow/87256011.cms</link><guid>https://timesofindia.indiatimes.com/india/biological-e-hopes-to-roll-out-covid-19-vaccine-corbevax-by-november-end/articleshow/87256011.cms</guid><pubDate>Mon, 25 Oct 2021 15:56:18 IST</pubDate></item><item><title>Southwest monsoon has withdrawn from country, says IMD</title><description>&lt;a href="https://timesofindia.indiatimes.com/india/southwest-monsoon-has-withdrawn-from-country-says-imd/articleshow/87255330.cms"&gt;&lt;img border="0" hspace="10" align="left" style="margin-top:3px;margin-right:5px;" src="https://timesofindia.indiatimes.com/photo/87255330.cms" /&gt;&lt;/a&gt;</description><link>https://timesofindia.indiatimes.com/india/southwest-monsoon-has-withdrawn-from-country-says-imd/articleshow/87255330.cms</link><guid>https://timesofindia.indiatimes.com/india/southwest-monsoon-has-withdrawn-from-country-says-imd/articleshow/87255330.cms</guid><pubDate>Mon, 25 Oct 2021 15:18:08 IST</pubDate></item><item><title>Schools, colleges in Bengal to reopen from November 15: Mamata Banerjee</title><description>&lt;a href="https://timesofindia.indiatimes.com/india/schools-colleges-in-bengal-to-reopen-from-november-15-mamata-banerjee/articleshow/87254876.cms"&gt;&lt;img border="0" hspace="10" align="left" style="margin-top:3px;margin-right:5px;" src="https://timesofindia.indiatimes.com/photo/87254876.cms" /&gt;&lt;/a&gt;Mamata Banerjee, after attending an administrative review meeting at Uttar Kanya in Siliguri, asked chief secretary HK Dwivedi to ensure proper cleaning and sanitisation of educational institutions before they reopen.</description><link>https://timesofindia.indiatimes.com/india/schools-colleges-in-bengal-to-reopen-from-november-15-mamata-banerjee/articleshow/87254876.cms</link><guid>https://timesofindia.indiatimes.com/india/schools-colleges-in-bengal-to-reopen-from-november-15-mamata-banerjee/articleshow/87254876.cms</guid><pubDate>Mon, 25 Oct 2021 14:54:45 IST</pubDate></item><item><title>Modi in UP key points: PM slams earlier UP governments for ruining Purvanchal's image</title><description>&lt;a href="https://timesofindia.indiatimes.com/india/modi-in-up-key-points-pm-slams-earlier-up-governments-for-ruining-purvanchals-image/articleshow/87253482.cms"&gt;&lt;img border="0" hspace="10" align="left" style="margin-top:3px;margin-right:5px;" src="https://timesofindia.indiatimes.com/photo/87253482.cms" /&gt;&lt;/a&gt;Slamming the previous governments in Uttar Pradesh, Prime Minister Narendra Modi on Monday said that they ruined Purvanchal's image and not focusing on developing health care facilities in the region.</description><link>https://timesofindia.indiatimes.com/india/modi-in-up-key-points-pm-slams-earlier-up-governments-for-ruining-purvanchals-image/articleshow/87253482.cms</link><guid>https://timesofindia.indiatimes.com/india/modi-in-up-key-points-pm-slams-earlier-up-governments-for-ruining-purvanchals-image/articleshow/87253482.cms</guid><pubDate>Mon, 25 Oct 2021 13:48:29 IST</pubDate></item></channel></rss>