<?xml version="1.0" encoding="UTF-8"?>
<BEHAVIOR>
<double_tap_lock value="true"/>
<double_tap_cmd value=""/>
<random_play value="true"/>
<songs_folder value="/sdcard/Youtube"/>
<songs_from_mediastore value="true"/>
<tui_notification value="false"/>
<auto_show_keyboard value="false"/>
<auto_scroll value="true"/>
<show_hints value="true"/>
<show_alias_content value="true"/>
<show_launch_history value="true"/>
<clear_after_cmds value="-1"/>
<clear_after_seconds value="false"/>
<max_lines value="-1"/>
<time_format value="d MMM HH:mm:ss@HH:mm:ss"/>
<time_format_separator value="@"/>
<battery_medium value="50"/>
<battery_low value="20"/>
<device_format value="%d: %u"/>
<ram_format value="Ram: %avmb MB (%%av%)"/>
<battery_format value="battery =&gt;  %v% "/>
<storage_format value="Rom: %iavmb MB (%iav%%)"/>
<storage_format value="Storage - %iavgb GB / %itotgb GB (%iav%%)"/>
 <network_info_format value="%(wlan0 - %ip4/%[eth0 - %ip4 /eth0 down])%ncputemp &gt; "/>
<input_format value="[%t] %p %i"/>
<input_format value="&gt;_%t"/>
 <output_format value="%o"/>
<session_info_format value="&gt;_%u%d"/>
<enable_app_launch value="true"/>
<app_launch_format value="  &gt;_%l %n    &gt;_%p%n"/>
 <alias_param_marker value="%"/>
<alias_param_separator value=","/>
<alias_replace_all_markers value="true"/>
 <multiple_cmd_separator value=";"/>
<alias_content_format value="%a --&gt; [%v]"/>
 <external_storage_path value=""/>
<home_path value="/sdcard/programing"/>
 <app_installed_format value="App installed: %p"/>
 <app_uninstalled_format value="App uninstalled: %p"/>
 <enable_music value="true"/>
<max_optional_depth value="2"/>
<network_info_update_ms value="3500"/>
<tui_notification_title value="T-UI"/>
<tui_notification_subtitle value="T-UI is running"/>
<tui_notification_click_cmd value=""/>
 <tui_notification_click_showhome value="true"/>
 <tui_notification_lastcmds_size value="5"/>
 <tui_notification_lastcmds_updown value="true"/>
 <tui_notification_priority value="0"/>
 <long_click_vibration_duration value="100"/>
<long_click_duration value="700"/>
<click_commands value="true"/>
<long_click_commands value="true"/>
<append_quote_before_file value="false"/>
 <optional_values_separator value="/"/>
<notes_sorting value="0"/>
<notes_allow_link value="true"/>
<orientation value="2"/>
<htmlextractor_default_format value="%t -&gt; %v%n%a(%an = %av)(%n)"/>
<htmlextractor_notfound_message value="Not found"/>
 <tui_notification_time_color value="#03A9F4"/>
 <tui_notification_input_color value="#ff00ff00"/>
<weather_key value="1f798f99228596c20ccfda51b9771a86"/>
 <weather_temperature_measure value="metric"/>
 <weather_location value="most_used"/>
<weather_format value="Weather: %main ;️Temp: %temp Humid: %humidity% Pressure: %pressure mmHg Country: %country Wind: %speed m/s"/>
 <clear_on_lock value="false"/>
<unlock_counter_format value="Unlocked %c times(%a10/)%n%t"/>
<unlock_time_divider value="%n"/>
<unlock_time_order value="1"/>
<unlock_counter_cycle_start value="6.00"/>
<not_available_text value=""/>
<back_button_enabled value="true"/>
<weather_update_time value="3600"/>
<location_update_mintime value="20"/>
 <location_update_mindistance value="500"/>
 <show_weather_updates value="true"/>
</BEHAVIOR>
