<?xml version="1.0" encoding="UTF-8"?>
<NOTIFICATIONS>
<show_notifications value="true"/>
<app_notification_enabled_default value="true"/>
<default_notification_color value="#00ff00"/>
<notification_format value="[%t] %pkg: %[100][teal]title --- %text"/>
<click_notification value="true"/>
<long_click_notification value="true"/>
<notification_popup_exclude_app value="true"/>
<notification_popup_exclude_notification value="true"/>
<notification_popup_reply value="true"/>
<com.whatsapp enabled="true" color="#00ffff"/>
<com.miui.player enabled="true" color="#FFFF00"/>
<com.google.android.youtube enabled="true" color="#A52A2A"/>
<android enabled="false"/>
<pedometer.steptracker.calorieburner.stepcounter enabled="true"/>
<com.miui.notification enabled="false"/>
<com.xiaomi.simactivate.service enabled="false"/>
<filter id="-1" value="[%t] %pkg: Security is running --- Tap for more information or to stop the app."/>
<com.miui.securitycenter enabled="true"/>
<ch.protonvpn.android enabled="false"/>

<filter id="-1" value="[%t] %pkg: Choose input method --- Multilingual typing - Gboard"/>
<filter id="-1" value="[%t] %pkg: Choose input method --- Multilingual typing - Gboard"/>
<com.termux enabled="false"/>
<filter id="-1" value="[%t] %pkg: Termux --- 1 session"/>
<com.spotify.music enabled="true" color="#76448A"/>
<filter id="-1" value="[%t] %pkg: Termux:Float is displaying over other apps --- If you don’t want Termux:Float to use this feature, tap to open settings and turn it off."/>
<com.miniclip.carrom enabled="false"/>
<com.termux.window enabled="false"/>
<com.myntra.android enabled="false"/>
<com.android.systemui enabled="false"/>
<com.miui.gallery enabled="false"/>
<com.divinememorygames.pedometer enabled="false"/>
<com.android.chrome enabled="false"/>
<filter id="-1" value="[%t] %pkg: WhatsApp --- Checking for new messages"/>
<filter id="-1" value="[%t] %pkg: null --- null"/>
<com.internet.speed.meter.lite enabled="false"/>
<filter id="-1" value="[%t] %pkg: NetHunter --- Downloading &quot;NetHunter&quot;…"/>
<filter id="-1" value="[%t] %pkg: XBlast Tools for above Android 4.0.3+ --- 2 min left, 51.66 KB/s"/>
<filter id="-1" value="[%t] %pkg: Connected --- Down: 253 KB/s  Up: 12 KB/s"/>
<com.fast.free.unblock.secure.vpn enabled="false"/>
<com.offsec.nethunter enabled="false"/>
<com.cyanogenmod.eleven enabled="false"/>
<com.razorlabs.cpumeter enabled="false"/>
<com.novelmatrix.temperaturemonitor enabled="false"/>
<com.android.providers.downloads enabled="false"/>
</NOTIFICATIONS>
