<?xml version="1.0" encoding="UTF-8"?>
<UI>
<show_enter_button value="false"/>
<system_font value="false"/>
<ram_size value="15"/>
<battery_size value="13"/>
<device_size value="13"/>
<time_size value="22"/>
<storage_size value="15"/>
<network_size value="13"/>
<notes_size value="13"/>
<input_output_size value="12"/>
<input_bottom value="false"/>
<show_ram value="true"/>
<show_device_name value="false"/>
<show_battery value="false"/>
<show_network_info value="false"/>
<show_storage_info value="false"/>
<show_notes value="false"/>
<enable_battery_status value="true"/>
<show_time value="false"/>
<username value="whoami"/>
<deviceName value=" "/>
<system_wallpaper value="false"/>
<fullscreen value="true"/>
<device_index value="7"/>
<ram_index value="1"/>

<time_index value="0"/>
<storage_index value="2"/>
<battery_index value="3"/>
<network_index value="5"/>
<notes_index value="6"/>
<status_lines_alignment value="0,-1,-1,-1,-1,-1,-1,-1,-1"/>
<input_prefix value="$"/>
<input_root_prefix value="#"/>
<display_margin_mm value="0,40,0,0"/>
<ignore_bar_color value="false"/>
<show_app_installed value="true"/>
<show_app_uninstalled value="true"/>
<show_session_info value="true"/>
<notes_header value="%( --- Notes: %c ---%n/No notes)"/>
<notes_footer value="%(%n --- ----- ---/)"/>
<notes_divider value="%n"/>
<show_restart_message value="true"/>
<notes_max_lines value="20"/>
<show_scroll_notes_message value="true"/>
<show_weather value="false"/>
<weather_index value="8"/>
<weather_size value="13"/>
<show_unlock_counter value="false"/>
<unlock_index value="8"/>
<unlock_size value="13"/>
<statusbar_light_icons value="true"/>
<bgrect_params value="2,0"/>
<shadow_params value="2,2,0.2"/>
<text_redraw_times value="1"/>
<status_lines_margins value="3,3,0,0"/>
<output_field_margins value="3,3,0,0"/>
<input_field_margins value="3,3,0,0"/>
<input_area_margins value="3,3,0,0"/>
<toolbar_margins value="2,2,0,0"/>
<suggestions_area_margin value="3,3,0,0"/>
<device_name value="."/>
</UI>
